txn_id,sender_id,receiver_id,amount,timestamp
TXN000001,ACC00031,ACC00248,516.77,2025-05-02T10:07:00
TXN000002,ACC00252,ACC00175,2162.65,2025-05-02T10:35:26
TXN000003,ACC00210,ACC00170,12516.18,2025-05-02T11:32:46
TXN000004,ACC00031,ACC00213,4249.01,2025-05-02T13:18:20
TXN000005,ACC00270,ACC00221,3000.00,2025-05-02T13:50:23
TXN000006,ACC00086,ACC00257,25164.88,2025-05-02T14:07:13
TXN000007,ACC00248,ACC00213,16749.21,2025-05-02T15:24:11
TXN000008,ACC00051,ACC00080,887.49,2025-05-02T15:28:46
TXN000009,ACC00036,ACC00021,2582.98,2025-05-02T16:12:30
TXN000010,ACC00055,ACC00018,3889.54,2025-05-02T16:22:59
TXN000011,ACC00289,ACC00224,1083.90,2025-05-02T16:54:47
TXN000012,ACC00084,ACC00075,16681.89,2025-05-02T17:27:31
TXN000013,ACC00233,ACC00207,30071.05,2025-05-02T17:46:15
TXN000014,ACC00168,ACC00227,872.17,2025-05-02T17:49:04
TXN000015,ACC00137,ACC00269,213.07,2025-05-02T17:54:10
TXN000016,ACC00114,ACC00227,2586.23,2025-05-02T17:57:07
TXN000017,ACC00269,ACC00196,26825.32,2025-05-02T18:06:00
TXN000018,ACC00111,ACC00238,47807.63,2025-05-02T18:09:00
TXN000019,ACC00245,ACC00278,1328.03,2025-05-02T18:11:28
TXN000020,ACC00039,ACC00097,12203.10,2025-05-02T18:18:11
TXN000021,ACC00269,ACC00098,41619.24,2025-05-02T18:19:00
TXN000022,ACC00111,ACC00149,41726.12,2025-05-02T18:25:00
TXN000023,ACC00173,ACC00081,43214.43,2025-05-02T18:26:00
TXN000024,ACC00080,ACC00275,41834.36,2025-05-02T18:33:00
TXN000025,ACC00111,ACC00285,33893.01,2025-05-02T18:34:00
TXN000026,ACC00197,ACC00168,390.77,2025-05-02T18:38:51
TXN000027,ACC00033,ACC00227,5130.19,2025-05-02T18:40:39
TXN000028,ACC00111,ACC00108,39114.84,2025-05-02T18:41:00
TXN000029,ACC00165,ACC00056,1477.97,2025-05-02T18:43:21
TXN000030,ACC00269,ACC00109,32442.08,2025-05-02T18:45:00
TXN000031,ACC00150,ACC00230,5889.28,2025-05-02T18:45:55
TXN000032,ACC00034,ACC00234,446.70,2025-05-02T18:46:12
TXN000033,ACC00073,ACC00118,27832.05,2025-05-02T18:46:59
TXN000034,ACC00173,ACC00143,30898.85,2025-05-02T18:51:00
TXN000035,ACC00226,ACC00278,636.55,2025-05-02T18:52:40
TXN000036,ACC00175,ACC00166,36265.18,2025-05-02T18:53:00
TXN000037,ACC00173,ACC00178,36999.87,2025-05-02T18:56:00
TXN000038,ACC00081,ACC00284,861.91,2025-05-02T18:57:37
TXN000039,ACC00269,ACC00042,40847.12,2025-05-02T18:59:00
TXN000040,ACC00287,ACC00148,834.45,2025-05-02T19:01:54
TXN000041,ACC00175,ACC00114,38705.60,2025-05-02T19:05:00
TXN000042,ACC00111,ACC00236,30066.33,2025-05-02T19:12:00
TXN000043,ACC00281,ACC00262,45482.96,2025-05-02T19:13:00
TXN000044,ACC00175,ACC00052,36431.95,2025-05-02T19:15:00
TXN000045,ACC00111,ACC00152,30616.91,2025-05-02T19:15:00
TXN000046,ACC00178,ACC00269,231.56,2025-05-02T19:15:44
TXN000047,ACC00111,ACC00216,44539.24,2025-05-02T19:19:00
TXN000048,ACC00156,ACC00187,550.48,2025-05-02T19:19:30
TXN000049,ACC00281,ACC00132,37407.01,2025-05-02T19:25:00
TXN000050,ACC00281,ACC00094,40524.98,2025-05-02T19:26:00
TXN000051,ACC00271,ACC00213,8144.54,2025-05-02T19:26:48
TXN000052,ACC00175,ACC00270,52508.17,2025-05-02T19:27:00
TXN000053,ACC00173,ACC00083,41349.42,2025-05-02T19:32:00
TXN000054,ACC00281,ACC00119,33347.38,2025-05-02T19:41:00
TXN000055,ACC00173,ACC00287,37770.77,2025-05-02T19:45:00
TXN000056,ACC00139,ACC00032,6548.63,2025-05-02T19:45:58
TXN000057,ACC00175,ACC00104,37259.88,2025-05-02T19:49:00
TXN000058,ACC00269,ACC00200,48098.50,2025-05-02T19:54:00
TXN000059,ACC00200,ACC00195,2902.84,2025-05-02T19:54:34
TXN000060,ACC00080,ACC00194,45715.72,2025-05-02T19:55:00
TXN000061,ACC00080,ACC00160,25704.75,2025-05-02T19:55:00
TXN000062,ACC00064,ACC00268,688.53,2025-05-02T19:56:41
TXN000063,ACC00269,ACC00223,47076.51,2025-05-02T19:58:00
TXN000064,ACC00269,ACC00273,31062.80,2025-05-02T19:59:00
TXN000065,ACC00091,ACC00181,844.47,2025-05-02T20:04:22
TXN000066,ACC00269,ACC00086,35891.51,2025-05-02T20:05:00
TXN000067,ACC00175,ACC00110,49192.68,2025-05-02T20:08:00
TXN000068,ACC00020,ACC00170,22234.42,2025-05-02T20:11:09
TXN000069,ACC00051,ACC00207,37858.60,2025-05-02T20:12:12
TXN000070,ACC00244,ACC00080,594.46,2025-05-02T20:18:36
TXN000071,ACC00175,ACC00035,34136.98,2025-05-02T20:21:00
TXN000072,ACC00074,ACC00281,2234.02,2025-05-02T20:27:17
TXN000073,ACC00175,ACC00019,29264.44,2025-05-02T20:28:00
TXN000074,ACC00173,ACC00054,33969.99,2025-05-02T20:29:00
TXN000075,ACC00117,ACC00075,13707.77,2025-05-02T20:30:08
TXN000076,ACC00111,ACC00025,34050.06,2025-05-02T20:32:00
TXN000077,ACC00080,ACC00246,25543.57,2025-05-02T20:32:00
TXN000078,ACC00131,ACC00089,32309.45,2025-05-02T20:35:48
TXN000079,ACC00240,ACC00113,7337.84,2025-05-02T20:37:27
TXN000080,ACC00281,ACC00272,28740.97,2025-05-02T20:40:00
TXN000081,ACC00269,ACC00049,31236.99,2025-05-02T20:42:00
TXN000082,ACC00276,ACC00159,1400.76,2025-05-02T20:42:45
TXN000083,ACC00023,ACC00026,509.82,2025-05-02T20:44:49
TXN000084,ACC00111,ACC00158,40840.77,2025-05-02T20:49:00
TXN000085,ACC00175,ACC00212,24426.74,2025-05-02T20:54:00
TXN000086,ACC00173,ACC00135,40465.92,2025-05-02T20:55:00
TXN000087,ACC00244,ACC00113,22115.36,2025-05-02T20:56:11
TXN000088,ACC00080,ACC00249,28948.29,2025-05-02T20:58:00
TXN000089,ACC00269,ACC00055,47478.28,2025-05-02T20:59:00
TXN000090,ACC00025,ACC00221,669.42,2025-05-02T21:00:21
TXN000091,ACC00220,ACC00097,25099.55,2025-05-02T21:09:05
TXN000092,ACC00238,ACC00093,486.39,2025-05-02T21:29:24
TXN000093,ACC00156,ACC00068,1345.58,2025-05-02T21:31:40
TXN000094,ACC00174,ACC00007,239.54,2025-05-02T21:31:49
TXN000095,ACC00025,ACC00075,19882.80,2025-05-02T21:43:14
TXN000096,ACC00078,ACC00287,1639.10,2025-05-02T21:57:42
TXN000097,ACC00165,ACC00175,777.52,2025-05-02T22:18:26
TXN000098,ACC00208,ACC00244,387.88,2025-05-02T22:34:14
TXN000099,ACC00132,ACC00227,1247.03,2025-05-02T22:41:42
TXN000100,ACC00180,ACC00050,1734.84,2025-05-02T22:46:45
TXN000101,ACC00104,ACC00266,776.06,2025-05-02T22:46:50
TXN000102,ACC00216,ACC00198,3632.15,2025-05-02T22:48:25
TXN000103,ACC00037,ACC00032,13595.60,2025-05-02T22:48:55
TXN000104,ACC00254,ACC00230,11784.74,2025-05-02T22:51:01
TXN000105,ACC00156,ACC00231,435.99,2025-05-02T23:35:09
TXN000106,ACC00145,ACC00032,25500.78,2025-05-02T23:35:50
TXN000107,ACC00096,ACC00159,1833.23,2025-05-02T23:40:33
TXN000108,ACC00077,ACC00010,801.22,2025-05-02T23:48:54
TXN000109,ACC00162,ACC00059,23574.03,2025-05-02T23:51:20
TXN000110,ACC00231,ACC00138,305.70,2025-05-02T23:51:27
TXN000111,ACC00183,ACC00068,1338.32,2025-05-02T23:51:46
TXN000112,ACC00116,ACC00118,12258.07,2025-05-02T23:54:50
TXN000113,ACC00188,ACC00250,9872.78,2025-05-03T00:05:55
TXN000114,ACC00241,ACC00089,31760.39,2025-05-03T00:10:46
TXN000115,ACC00081,ACC00250,7540.37,2025-05-03T00:11:36
TXN000116,ACC00279,ACC00118,26701.86,2025-05-03T00:24:01
TXN000117,ACC00023,ACC00155,2199.60,2025-05-03T00:24:30
TXN000118,ACC00108,ACC00075,4768.47,2025-05-03T00:37:26
TXN000119,ACC00054,ACC00155,1128.97,2025-05-03T00:48:25
TXN000120,ACC00285,ACC00026,3000.00,2025-05-03T00:54:00
TXN000121,ACC00190,ACC00181,1228.36,2025-05-03T00:59:34
TXN000122,ACC00192,ACC00198,2748.06,2025-05-03T01:04:08
TXN000123,ACC00258,ACC00018,3353.30,2025-05-03T01:12:56
TXN000124,ACC00252,ACC00265,622.71,2025-05-03T01:18:16
TXN000125,ACC00212,ACC00006,1841.24,2025-05-03T01:26:13
TXN000126,ACC00154,ACC00148,2433.26,2025-05-03T01:29:41
TXN000127,ACC00268,ACC00266,1991.28,2025-05-03T01:36:46
TXN000128,ACC00108,ACC00032,46166.51,2025-05-03T01:44:26
TXN000129,ACC00063,ACC00080,1186.78,2025-05-03T01:50:28
TXN000130,ACC00268,ACC00039,1423.85,2025-05-03T01:54:51
TXN000131,ACC00191,ACC00170,4955.11,2025-05-03T02:01:19
TXN000132,ACC00051,ACC00093,621.51,2025-05-03T02:02:36
TXN000133,ACC00168,ACC00076,1347.15,2025-05-03T02:13:29
TXN000134,ACC00010,ACC00266,277.46,2025-05-03T02:18:52
TXN000135,ACC00104,ACC00213,9802.37,2025-05-03T02:25:03
TXN000136,ACC00043,ACC00161,1623.31,2025-05-03T02:36:25
TXN000137,ACC00172,ACC00192,1908.10,2025-05-03T02:42:09
TXN000138,ACC00264,ACC00012,2336.10,2025-05-03T02:42:20
TXN000139,ACC00096,ACC00032,9036.86,2025-05-03T03:11:17
TXN000140,ACC00214,ACC00269,673.39,2025-05-03T03:14:18
TXN000141,ACC00069,ACC00161,1721.94,2025-05-03T03:14:46
TXN000142,ACC00244,ACC00093,674.63,2025-05-03T03:34:20
TXN000143,ACC00117,ACC00118,19169.49,2025-05-03T04:02:09
TXN000144,ACC00066,ACC00061,1064.70,2025-05-03T04:05:00
TXN000145,ACC00081,ACC00175,626.16,2025-05-03T04:42:56
TXN000146,ACC00086,ACC00074,434.48,2025-05-03T04:49:43
TXN000147,ACC00203,ACC00269,1628.64,2025-05-03T04:54:46
TXN000148,ACC00114,ACC00111,884.98,2025-05-03T05:01:14
TXN000149,ACC00158,ACC00195,828.23,2025-05-03T05:02:27
TXN000150,ACC00179,ACC00237,1718.62,2025-05-03T05:08:27
TXN000151,ACC00163,ACC00059,16498.40,2025-05-03T05:12:55
TXN000152,ACC00223,ACC00266,527.33,2025-05-03T05:23:20
TXN000153,ACC00157,ACC00148,3892.02,2025-05-03T05:26:07
TXN000154,ACC00139,ACC00113,3015.28,2025-05-03T05:30:54
TXN000155,ACC00290,ACC00181,6769.40,2025-05-03T05:42:36
TXN000156,ACC00088,ACC00080,443.77,2025-05-03T06:00:48
TXN000157,ACC00255,ACC00250,28959.66,2025-05-03T06:06:34
TXN000158,ACC00275,ACC00237,578.89,2025-05-03T06:17:46
TXN000159,ACC00094,ACC00097,9432.76,2025-05-03T06:55:29
TXN000160,ACC00134,ACC00090,1334.86,2025-05-03T07:05:17
TXN000161,ACC00130,ACC00243,6296.47,2025-05-03T07:18:43
TXN000162,ACC00087,ACC00211,1181.15,2025-05-03T07:24:38
TXN000163,ACC00258,ACC00025,567.29,2025-05-03T07:29:49
TXN000164,ACC00054,ACC00026,1385.63,2025-05-03T08:01:37
TXN000165,ACC00162,ACC00219,1316.41,2025-05-03T09:42:47
TXN000166,ACC00136,ACC00118,23838.06,2025-05-03T10:21:39
TXN000167,ACC00106,ACC00221,1114.50,2025-05-03T11:39:17
TXN000168,ACC00220,ACC00204,1262.68,2025-05-03T14:35:42
TXN000169,ACC00166,ACC00170,17323.87,2025-05-03T15:04:17
TXN000170,ACC00262,ACC00128,2825.05,2025-05-03T15:41:09
TXN000171,ACC00167,ACC00269,1110.41,2025-05-03T16:24:08
TXN000172,ACC00164,ACC00278,903.49,2025-05-03T16:24:08
TXN000173,ACC00200,ACC00281,2477.91,2025-05-03T16:24:24
TXN000174,ACC00062,ACC00159,911.41,2025-05-03T16:33:41
TXN000175,ACC00106,ACC00184,3670.81,2025-05-03T17:04:26
TXN000176,ACC00176,ACC00138,1214.68,2025-05-03T17:06:37
TXN000177,ACC00290,ACC00104,1079.73,2025-05-03T17:11:10
TXN000178,ACC00114,ACC00032,27204.14,2025-05-03T17:25:31
TXN000179,ACC00244,ACC00257,22705.88,2025-05-03T17:26:47
TXN000180,ACC00125,ACC00171,304.63,2025-05-03T17:37:10
TXN000181,ACC00199,ACC00286,824.00,2025-05-03T17:44:42
TXN000182,ACC00125,ACC00012,1581.64,2025-05-03T17:49:47
TXN000183,ACC00051,ACC00184,2782.92,2025-05-03T18:02:13
TXN000184,ACC00080,ACC00277,39796.58,2025-05-03T18:03:00
TXN000185,ACC00281,ACC00232,43424.18,2025-05-03T18:03:00
TXN000186,ACC00281,ACC00047,45717.99,2025-05-03T18:08:00
TXN000187,ACC00080,ACC00066,34225.02,2025-05-03T18:09:00
TXN000188,ACC00175,ACC00101,45800.02,2025-05-03T18:09:00
TXN000189,ACC00149,ACC00113,21204.09,2025-05-03T18:14:09
TXN000190,ACC00175,ACC00023,30310.02,2025-05-03T18:15:00
TXN000191,ACC00080,ACC00070,30291.80,2025-05-03T18:16:00
TXN000192,ACC00175,ACC00169,40848.94,2025-05-03T18:18:00
TXN000193,ACC00153,ACC00284,1357.01,2025-05-03T18:21:35
TXN000194,ACC00175,ACC00002,47578.92,2025-05-03T18:24:00
TXN000195,ACC00156,ACC00153,251.71,2025-05-03T18:25:09
TXN000196,ACC00175,ACC00234,37397.75,2025-05-03T18:27:00
TXN000197,ACC00210,ACC00243,11180.86,2025-05-03T18:27:05
TXN000198,ACC00080,ACC00164,48797.97,2025-05-03T18:30:00
TXN000199,ACC00080,ACC00088,52013.69,2025-05-03T18:31:00
TXN000200,ACC00173,ACC00235,43189.71,2025-05-03T18:36:00
TXN000201,ACC00287,ACC00059,12954.03,2025-05-03T18:37:04
TXN000202,ACC00173,ACC00147,49816.92,2025-05-03T18:38:00
TXN000203,ACC00281,ACC00264,38862.35,2025-05-03T18:39:00
TXN000204,ACC00175,ACC00156,29729.00,2025-05-03T18:43:00
TXN000205,ACC00175,ACC00128,41014.86,2025-05-03T18:52:00
TXN000206,ACC00065,ACC00281,4351.49,2025-05-03T18:54:20
TXN000207,ACC00247,ACC00195,772.82,2025-05-03T18:57:12
TXN000208,ACC00080,ACC00190,62000.00,2025-05-03T19:01:00
TXN000209,ACC00175,ACC00056,26509.12,2025-05-03T19:03:00
TXN000210,ACC00175,ACC00027,25375.45,2025-05-03T19:05:00
TXN000211,ACC00111,ACC00251,30412.56,2025-05-03T19:05:00
TXN000212,ACC00175,ACC00244,50234.89,2025-05-03T19:07:00
TXN000213,ACC00251,ACC00222,1041.36,2025-05-03T19:07:52
TXN000214,ACC00281,ACC00004,31451.99,2025-05-03T19:12:00
TXN000215,ACC00269,ACC00233,58105.74,2025-05-03T19:19:00
TXN000216,ACC00281,ACC00034,40219.51,2025-05-03T19:22:00
TXN000217,ACC00080,ACC00239,18000.00,2025-05-03T19:23:00
TXN000218,ACC00269,ACC00263,18006.52,2025-05-03T19:26:00
TXN000219,ACC00111,ACC00245,43314.47,2025-05-03T19:32:00
TXN000220,ACC00269,ACC00153,43597.28,2025-05-03T19:33:00
TXN000221,ACC00080,ACC00020,43611.21,2025-05-03T19:33:00
TXN000222,ACC00080,ACC00064,31106.64,2025-05-03T19:35:00
TXN000223,ACC00020,ACC00097,11306.43,2025-05-03T19:35:44
TXN000224,ACC00077,ACC00191,394.72,2025-05-03T19:36:25
TXN000225,ACC00228,ACC00164,1456.95,2025-05-03T19:39:59
TXN000226,ACC00173,ACC00258,22646.40,2025-05-03T19:41:00
TXN000227,ACC00175,ACC00033,61046.75,2025-05-03T19:43:00
TXN000228,ACC00009,ACC00111,1154.18,2025-05-03T19:43:38
TXN000229,ACC00269,ACC00061,49241.82,2025-05-03T19:44:00
TXN000230,ACC00143,ACC00266,2500.00,2025-05-03T19:50:02
TXN000231,ACC00169,ACC00152,1961.76,2025-05-03T19:50:44
TXN000232,ACC00080,ACC00001,34729.00,2025-05-03T19:55:00
TXN000233,ACC00252,ACC00265,5979.70,2025-05-03T19:57:45
TXN000234,ACC00175,ACC00040,33487.56,2025-05-03T19:59:00
TXN000235,ACC00277,ACC00266,700.39,2025-05-03T20:01:04
TXN000236,ACC00281,ACC00229,32766.78,2025-05-03T20:03:00
TXN000237,ACC00051,ACC00187,923.84,2025-05-03T20:03:33
TXN000238,ACC00173,ACC00095,48647.14,2025-05-03T20:04:00
TXN000239,ACC00281,ACC00185,49956.87,2025-05-03T20:14:00
TXN000240,ACC00269,ACC00201,31554.81,2025-05-03T20:15:00
TXN000241,ACC00085,ACC00097,25478.54,2025-05-03T20:18:49
TXN000242,ACC00269,ACC00150,52300.67,2025-05-03T20:20:00
TXN000243,ACC00269,ACC00008,34890.93,2025-05-03T20:23:00
TXN000244,ACC00281,ACC00274,42000.48,2025-05-03T20:24:00
TXN000245,ACC00080,ACC00046,62000.00,2025-05-03T20:25:00
TXN000246,ACC00175,ACC00290,44576.30,2025-05-03T20:26:00
TXN000247,ACC00269,ACC00172,36760.07,2025-05-03T20:26:00
TXN000248,ACC00173,ACC00226,43965.01,2025-05-03T20:28:00
TXN000249,ACC00080,ACC00186,36180.51,2025-05-03T20:28:00
TXN000250,ACC00173,ACC00105,49098.76,2025-05-03T20:28:00
TXN000251,ACC00269,ACC00038,55966.87,2025-05-03T20:31:00
TXN000252,ACC00175,ACC00265,44015.82,2025-05-03T20:34:00
TXN000253,ACC00173,ACC00122,48972.87,2025-05-03T20:35:00
TXN000254,ACC00197,ACC00289,452.86,2025-05-03T20:36:09
TXN000255,ACC00281,ACC00145,47946.28,2025-05-03T20:37:00
TXN000256,ACC00007,ACC00243,4720.90,2025-05-03T20:42:57
TXN000257,ACC00173,ACC00079,34819.80,2025-05-03T20:45:00
TXN000258,ACC00281,ACC00103,45223.83,2025-05-03T20:47:00
TXN000259,ACC00080,ACC00117,53871.51,2025-05-03T20:55:00
TXN000260,ACC00175,ACC00041,50030.94,2025-05-03T20:57:00
TXN000261,ACC00025,ACC00113,27910.12,2025-05-03T21:00:56
TXN000262,ACC00040,ACC00278,890.93,2025-05-03T21:17:42
TXN000263,ACC00055,ACC00187,1348.95,2025-05-03T21:28:39
TXN000264,ACC00151,ACC00060,13254.09,2025-05-03T21:50:14
TXN000265,ACC00008,ACC00181,7109.51,2025-05-03T21:52:56
TXN000266,ACC00083,ACC00060,17155.01,2025-05-03T22:00:27
TXN000267,ACC00201,ACC00118,13546.04,2025-05-03T22:22:15
TXN000268,ACC00208,ACC00148,10226.88,2025-05-03T22:25:12
TXN000269,ACC00136,ACC00187,1412.41,2025-05-03T22:30:58
TXN000270,ACC00036,ACC00230,21341.37,2025-05-03T22:37:13
TXN000271,ACC00182,ACC00161,1118.17,2025-05-03T22:39:21
TXN000272,ACC00038,ACC00076,624.01,2025-05-03T22:44:19
TXN000273,ACC00064,ACC00143,1212.59,2025-05-03T22:55:27
TXN000274,ACC00176,ACC00050,825.86,2025-05-03T23:03:19
TXN000275,ACC00204,ACC00041,575.74,2025-05-03T23:07:23
TXN000276,ACC00038,ACC00009,511.90,2025-05-03T23:10:40
TXN000277,ACC00194,ACC00254,1183.62,2025-05-03T23:16:05
TXN000278,ACC00192,ACC00172,1320.80,2025-05-03T23:27:36
TXN000279,ACC00180,ACC00239,346.65,2025-05-03T23:29:43
TXN000280,ACC00100,ACC00159,3000.00,2025-05-03T23:30:09
TXN000281,ACC00236,ACC00118,27598.64,2025-05-03T23:41:03
TXN000282,ACC00064,ACC00281,484.54,2025-05-03T23:41:43
TXN000283,ACC00020,ACC00199,1616.61,2025-05-03T23:46:23
TXN000284,ACC00031,ACC00250,13987.59,2025-05-03T23:48:38
TXN000285,ACC00065,ACC00221,750.92,2025-05-03T23:50:30
TXN000286,ACC00183,ACC00012,3052.47,2025-05-04T00:12:15
TXN000287,ACC00151,ACC00159,542.02,2025-05-04T00:12:58
TXN000288,ACC00040,ACC00107,1116.56,2025-05-04T00:36:52
TXN000289,ACC00041,ACC00284,1009.82,2025-05-04T01:02:31
TXN000290,ACC00003,ACC00219,1263.31,2025-05-04T01:06:10
TXN000291,ACC00101,ACC00237,955.26,2025-05-04T01:17:44
TXN000292,ACC00074,ACC00024,624.60,2025-05-04T01:18:13
TXN000293,ACC00180,ACC00040,1564.40,2025-05-04T01:28:20
TXN000294,ACC00206,ACC00187,800.86,2025-05-04T01:35:46
TXN000295,ACC00193,ACC00227,2232.52,2025-05-04T01:41:30
TXN000296,ACC00030,ACC00269,853.52,2025-05-04T01:44:10
TXN000297,ACC00004,ACC00049,577.52,2025-05-04T01:53:38
TXN000298,ACC00084,ACC00093,859.79,2025-05-04T02:12:52
TXN000299,ACC00279,ACC00284,366.96,2025-05-04T02:25:08
TXN000300,ACC00057,ACC00221,442.44,2025-05-04T02:43:25
TXN000301,ACC00062,ACC00278,370.10,2025-05-04T02:49:12
TXN000302,ACC00245,ACC00093,2922.32,2025-05-04T03:08:12
TXN000303,ACC00256,ACC00060,13460.83,2025-05-04T03:11:00
TXN000304,ACC00069,ACC00093,984.75,2025-05-04T03:15:04
TXN000305,ACC00174,ACC00250,4654.05,2025-05-04T03:15:10
TXN000306,ACC00212,ACC00096,1103.03,2025-05-04T03:16:40
TXN000307,ACC00169,ACC00257,9263.99,2025-05-04T03:31:02
TXN000308,ACC00042,ACC00142,4375.42,2025-05-04T03:33:50
TXN000309,ACC00203,ACC00161,2072.43,2025-05-04T03:37:07
TXN000310,ACC00180,ACC00284,532.25,2025-05-04T03:40:20
TXN000311,ACC00224,ACC00181,2115.88,2025-05-04T03:47:56
TXN000312,ACC00009,ACC00173,1007.58,2025-05-04T04:00:15
TXN000313,ACC00279,ACC00221,598.88,2025-05-04T04:03:19
TXN000314,ACC00261,ACC00161,3638.23,2025-05-04T04:19:13
TXN000315,ACC00033,ACC00170,8805.81,2025-05-04T04:54:02
TXN000316,ACC00185,ACC00255,268.90,2025-05-04T05:24:26
TXN000317,ACC00205,ACC00175,1480.10,2025-05-04T05:50:25
TXN000318,ACC00202,ACC00173,833.01,2025-05-04T05:57:54
TXN000319,ACC00274,ACC00175,1860.71,2025-05-04T07:09:45
TXN000320,ACC00074,ACC00159,505.71,2025-05-04T07:40:31
TXN000321,ACC00136,ACC00266,810.91,2025-05-04T08:00:55
TXN000322,ACC00288,ACC00181,1296.85,2025-05-04T08:16:41
TXN000323,ACC00062,ACC00146,334.36,2025-05-04T08:46:49
TXN000324,ACC00190,ACC00165,832.33,2025-05-04T11:06:33
TXN000325,ACC00233,ACC00084,620.34,2025-05-04T12:51:14
TXN000326,ACC00183,ACC00093,956.67,2025-05-04T12:52:58
TXN000327,ACC00168,ACC00243,14191.02,2025-05-04T15:10:39
TXN000328,ACC00040,ACC00213,21495.35,2025-05-04T15:26:08
TXN000329,ACC00108,ACC00175,670.26,2025-05-04T15:38:14
TXN000330,ACC00034,ACC00257,33305.33,2025-05-04T15:53:54
TXN000331,ACC00139,ACC00221,369.16,2025-05-04T15:56:07
TXN000332,ACC00044,ACC00198,8000.00,2025-05-04T16:00:58
TXN000333,ACC00212,ACC00111,397.51,2025-05-04T16:02:28
TXN000334,ACC00190,ACC00200,617.08,2025-05-04T16:20:25
TXN000335,ACC00064,ACC00278,383.01,2025-05-04T16:34:13
TXN000336,ACC00051,ACC00118,13525.73,2025-05-04T16:56:42
TXN000337,ACC00169,ACC00134,475.78,2025-05-04T17:08:59
TXN000338,ACC00202,ACC00268,463.81,2025-05-04T17:15:33
TXN000339,ACC00047,ACC00190,1481.23,2025-05-04T17:19:30
TXN000340,ACC00248,ACC00250,27672.63,2025-05-04T17:25:39
TXN000341,ACC00136,ACC00243,6828.83,2025-05-04T17:33:19
TXN000342,ACC00094,ACC00257,9642.97,2025-05-04T17:38:09
TXN000343,ACC00086,ACC00285,930.91,2025-05-04T17:39:09
TXN000344,ACC00245,ACC00118,5322.99,2025-05-04T17:40:36
TXN000345,ACC00146,ACC00148,7364.37,2025-05-04T17:45:01
TXN000346,ACC00168,ACC00222,2020.78,2025-05-04T17:57:08
TXN000347,ACC00080,ACC00228,33908.69,2025-05-04T18:00:00
TXN000348,ACC00281,ACC00010,36020.32,2025-05-04T18:01:00
TXN000349,ACC00080,ACC00106,25685.87,2025-05-04T18:02:00
TXN000350,ACC00225,ACC00198,6199.74,2025-05-04T18:02:26
TXN000351,ACC00173,ACC00286,42681.62,2025-05-04T18:08:00
TXN000352,ACC00080,ACC00282,35460.67,2025-05-04T18:11:00
TXN000353,ACC00111,ACC00062,60778.47,2025-05-04T18:11:00
TXN000354,ACC00281,ACC00165,56610.92,2025-05-04T18:18:00
TXN000355,ACC00281,ACC00092,38779.55,2025-05-04T18:21:00
TXN000356,ACC00173,ACC00007,52392.46,2025-05-04T18:21:00
TXN000357,ACC00175,ACC00205,34602.91,2025-05-04T18:23:00
TXN000358,ACC00080,ACC00210,29632.00,2025-05-04T18:23:00
TXN000359,ACC00173,ACC00157,38591.68,2025-05-04T18:24:00
TXN000360,ACC00175,ACC00136,42573.10,2025-05-04T18:24:00
TXN000361,ACC00175,ACC00006,48598.96,2025-05-04T18:25:00
TXN000362,ACC00080,ACC00065,53455.86,2025-05-04T18:25:00
TXN000363,ACC00190,ACC00080,921.08,2025-05-04T18:28:35
TXN000364,ACC00175,ACC00171,37857.10,2025-05-04T18:29:00
TXN000365,ACC00175,ACC00067,55793.82,2025-05-04T18:33:00
TXN000366,ACC00034,ACC00075,8096.02,2025-05-04T18:33:23
TXN000367,ACC00281,ACC00199,26980.52,2025-05-04T18:45:00
TXN000368,ACC00269,ACC00176,37775.88,2025-05-04T18:46:00
TXN000369,ACC00281,ACC00116,51663.63,2025-05-04T18:48:00
TXN000370,ACC00111,ACC00039,37653.09,2025-05-04T18:49:00
TXN000371,ACC00154,ACC00207,19511.79,2025-05-04T18:49:46
TXN000372,ACC00260,ACC00187,710.74,2025-05-04T19:02:44
TXN000373,ACC00002,ACC00276,476.74,2025-05-04T19:04:16
TXN000374,ACC00224,ACC00075,4576.53,2025-05-04T19:05:19
TXN000375,ACC00080,ACC00203,54509.01,2025-05-04T19:06:00
TXN000376,ACC00080,ACC00022,35545.56,2025-05-04T19:07:00
TXN000377,ACC00175,ACC00037,62000.00,2025-05-04T19:07:00
TXN000378,ACC00019,ACC00059,19847.95,2025-05-04T19:17:19
TXN000379,ACC00269,ACC00130,48280.37,2025-05-04T19:20:00
TXN000380,ACC00129,ACC00198,4369.17,2025-05-04T19:20:36
TXN000381,ACC00080,ACC00179,49338.24,2025-05-04T19:28:00
TXN000382,ACC00171,ACC00284,333.13,2025-05-04T19:28:40
TXN000383,ACC00279,ACC00040,6155.67,2025-05-04T19:31:05
TXN000384,ACC00269,ACC00124,25142.93,2025-05-04T19:32:00
TXN000385,ACC00111,ACC00099,58735.84,2025-05-04T19:35:00
TXN000386,ACC00282,ACC00213,26659.09,2025-05-04T19:35:42
TXN000387,ACC00173,ACC00073,46381.90,2025-05-04T19:36:00
TXN000388,ACC00281,ACC00220,46576.45,2025-05-04T19:37:00
TXN000389,ACC00262,ACC00281,471.54,2025-05-04T19:38:38
TXN000390,ACC00281,ACC00209,59382.78,2025-05-04T19:41:00
TXN000391,ACC00175,ACC00015,54631.93,2025-05-04T19:41:00
TXN000392,ACC00019,ACC00266,405.70,2025-05-04T19:43:44
TXN000393,ACC00269,ACC00074,47845.37,2025-05-04T19:44:00
TXN000394,ACC00111,ACC00254,56091.90,2025-05-04T19:46:00
TXN000395,ACC00173,ACC00133,44008.27,2025-05-04T19:51:00
TXN000396,ACC00025,ACC00266,758.86,2025-05-04T19:53:45
TXN000397,ACC00193,ACC00061,876.31,2025-05-04T19:59:28
TXN000398,ACC00080,ACC00121,40927.92,2025-05-04T20:01:00
TXN000399,ACC00173,ACC00267,53303.09,2025-05-04T20:02:00
TXN000400,ACC00149,ACC00012,11315.20,2025-05-04T20:02:09
TXN000401,ACC00031,ACC00184,2807.96,2025-05-04T20:05:23
TXN000402,ACC00269,ACC00024,62000.00,2025-05-04T20:07:00
TXN000403,ACC00281,ACC00123,46685.22,2025-05-04T20:11:00
TXN000404,ACC00080,ACC00057,48935.28,2025-05-04T20:11:00
TXN000405,ACC00281,ACC00036,62000.00,2025-05-04T20:13:00
TXN000406,ACC00167,ACC00187,646.52,2025-05-04T20:13:09
TXN000407,ACC00111,ACC00137,39114.27,2025-05-04T20:14:00
TXN000408,ACC00173,ACC00085,43821.26,2025-05-04T20:17:00
TXN000409,ACC00281,ACC00031,38012.74,2025-05-04T20:17:00
TXN000410,ACC00111,ACC00134,28970.46,2025-05-04T20:20:00
TXN000411,ACC00175,ACC00029,34084.31,2025-05-04T20:21:00
TXN000412,ACC00080,ACC00192,34764.61,2025-05-04T20:22:00
TXN000413,ACC00281,ACC00247,29508.48,2025-05-04T20:22:00
TXN000414,ACC00269,ACC00242,38261.50,2025-05-04T20:23:00
TXN000415,ACC00111,ACC00162,32543.32,2025-05-04T20:24:00
TXN000416,ACC00071,ACC00142,4770.36,2025-05-04T20:25:10
TXN000417,ACC00269,ACC00224,18789.79,2025-05-04T20:30:00
TXN000418,ACC00111,ACC00144,22976.13,2025-05-04T20:30:00
TXN000419,ACC00228,ACC00093,905.84,2025-05-04T20:32:21
TXN000420,ACC00173,ACC00078,29130.00,2025-05-04T20:34:00
TXN000421,ACC00210,ACC00060,13867.37,2025-05-04T20:37:47
TXN000422,ACC00098,ACC00068,414.74,2025-05-04T20:39:34
TXN000423,ACC00281,ACC00168,37313.20,2025-05-04T20:44:00
TXN000424,ACC00080,ACC00154,62000.00,2025-05-04T20:46:00
TXN000425,ACC00029,ACC00083,331.83,2025-05-04T20:47:47
TXN000426,ACC00269,ACC00231,18375.08,2025-05-04T20:50:00
TXN000427,ACC00175,ACC00131,35779.62,2025-05-04T20:50:00
TXN000428,ACC00269,ACC00127,37072.96,2025-05-04T20:55:00
TXN000429,ACC00269,ACC00107,51489.98,2025-05-04T20:58:00
TXN000430,ACC00109,ACC00097,9297.50,2025-05-04T21:02:58
TXN000431,ACC00130,ACC00222,1371.81,2025-05-04T21:03:39
TXN000432,ACC00087,ACC00110,1584.20,2025-05-04T21:11:45
TXN000433,ACC00109,ACC00095,556.88,2025-05-04T21:15:33
TXN000434,ACC00052,ACC00075,11911.35,2025-05-04T21:16:49
TXN000435,ACC00196,ACC00287,609.06,2025-05-04T21:25:35
TXN000436,ACC00163,ACC00237,512.93,2025-05-04T21:28:28
TXN000437,ACC00224,ACC00032,14431.07,2025-05-04T21:29:58
TXN000438,ACC00242,ACC00050,2709.27,2025-05-04T21:38:13
TXN000439,ACC00166,ACC00284,2001.72,2025-05-04T21:40:24
TXN000440,ACC00264,ACC00036,1043.51,2025-05-04T21:45:19
TXN000441,ACC00182,ACC00276,351.65,2025-05-04T21:54:45
TXN000442,ACC00081,ACC00278,481.40,2025-05-04T21:55:37
TXN000443,ACC00131,ACC00156,202.22,2025-05-04T22:08:57
TXN000444,ACC00233,ACC00207,26882.83,2025-05-04T22:13:12
TXN000445,ACC00037,ACC00222,519.33,2025-05-04T22:19:26
TXN000446,ACC00199,ACC00020,423.95,2025-05-04T22:23:26
TXN000447,ACC00152,ACC00161,2165.72,2025-05-04T22:23:33
TXN000448,ACC00106,ACC00240,795.54,2025-05-04T22:26:40
TXN000449,ACC00122,ACC00248,1985.12,2025-05-04T22:44:38
TXN000450,ACC00042,ACC00069,1396.28,2025-05-04T22:59:12
TXN000451,ACC00193,ACC00018,2352.81,2025-05-04T23:08:47
TXN000452,ACC00289,ACC00224,1021.80,2025-05-04T23:17:13
TXN000453,ACC00011,ACC00032,16044.55,2025-05-04T23:18:18
TXN000454,ACC00055,ACC00198,2826.19,2025-05-04T23:26:42
TXN000455,ACC00208,ACC00137,869.42,2025-05-04T23:28:43
TXN000456,ACC00174,ACC00170,15671.65,2025-05-04T23:39:28
TXN000457,ACC00264,ACC00148,4298.52,2025-05-04T23:40:07
TXN000458,ACC00229,ACC00050,3108.63,2025-05-04T23:49:54
TXN000459,ACC00274,ACC00266,896.54,2025-05-05T00:17:40
TXN000460,ACC00146,ACC00093,887.84,2025-05-05T00:23:32
TXN000461,ACC00188,ACC00220,1191.60,2025-05-05T00:23:37
TXN000462,ACC00084,ACC00243,9314.65,2025-05-05T00:35:49
TXN000463,ACC00090,ACC00169,841.29,2025-05-05T00:36:58
TXN000464,ACC00007,ACC00237,984.92,2025-05-05T00:39:17
TXN000465,ACC00007,ACC00222,1024.78,2025-05-05T00:42:12
TXN000466,ACC00239,ACC00060,6835.19,2025-05-05T00:51:25
TXN000467,ACC00027,ACC00032,18511.72,2025-05-05T01:00:43
TXN000468,ACC00055,ACC00089,8692.01,2025-05-05T01:11:50
TXN000469,ACC00044,ACC00059,9036.49,2025-05-05T01:15:52
TXN000470,ACC00081,ACC00093,767.43,2025-05-05T01:20:39
TXN000471,ACC00124,ACC00207,4651.73,2025-05-05T01:21:34
TXN000472,ACC00029,ACC00093,2396.47,2025-05-05T01:24:58
TXN000473,ACC00099,ACC00104,274.87,2025-05-05T02:20:23
TXN000474,ACC00077,ACC00257,9914.88,2025-05-05T02:28:47
TXN000475,ACC00122,ACC00050,935.26,2025-05-05T02:35:59
TXN000476,ACC00067,ACC00284,391.30,2025-05-05T02:36:39
TXN000477,ACC00166,ACC00104,647.46,2025-05-05T02:37:06
TXN000478,ACC00169,ACC00026,290.76,2025-05-05T02:37:39
TXN000479,ACC00263,ACC00059,32127.76,2025-05-05T02:58:16
TXN000480,ACC00285,ACC00118,6099.44,2025-05-05T02:58:19
TXN000481,ACC00025,ACC00257,9388.41,2025-05-05T02:58:56
TXN000482,ACC00288,ACC00068,983.23,2025-05-05T03:00:29
TXN000483,ACC00203,ACC00206,733.04,2025-05-05T03:04:13
TXN000484,ACC00139,ACC00142,11070.97,2025-05-05T03:13:25
TXN000485,ACC00255,ACC00227,2085.40,2025-05-05T03:27:07
TXN000486,ACC00203,ACC00273,534.74,2025-05-05T03:40:19
TXN000487,ACC00204,ACC00075,10756.78,2025-05-05T03:50:38
TXN000488,ACC00228,ACC00148,1146.54,2025-05-05T03:50:42
TXN000489,ACC00134,ACC00187,906.98,2025-05-05T03:53:10
TXN000490,ACC00190,ACC00111,341.24,2025-05-05T04:08:48
TXN000491,ACC00024,ACC00113,15279.22,2025-05-05T04:20:03
TXN000492,ACC00160,ACC00250,22975.76,2025-05-05T05:36:15
TXN000493,ACC00143,ACC00232,1699.67,2025-05-05T05:37:48
TXN000494,ACC00074,ACC00161,2557.21,2025-05-05T05:58:42
TXN000495,ACC00128,ACC00221,1394.56,2025-05-05T06:01:47
TXN000496,ACC00267,ACC00187,665.96,2025-05-05T06:03:40
TXN000497,ACC00098,ACC00230,13522.78,2025-05-05T06:26:49
TXN000498,ACC00083,ACC00148,4100.01,2025-05-05T06:32:58
TXN000499,ACC00024,ACC00237,890.18,2025-05-05T06:36:40
TXN000500,ACC00258,ACC00170,27931.09,2025-05-05T06:51:37
TXN000501,ACC00270,ACC00075,4623.74,2025-05-05T07:32:19
TXN000502,ACC00182,ACC00213,15428.23,2025-05-05T07:39:00
TXN000503,ACC00051,ACC00230,36554.86,2025-05-05T07:55:07
TXN000504,ACC00083,ACC00195,1318.17,2025-05-05T07:58:02
TXN000505,ACC00046,ACC00050,997.92,2025-05-05T08:09:59
TXN000506,ACC00147,ACC00068,936.04,2025-05-05T08:38:38
TXN000507,ACC00069,ACC00060,8843.23,2025-05-05T11:14:11
TXN000508,ACC00229,ACC00097,24270.49,2025-05-05T14:03:52
TXN000509,ACC00038,ACC00009,766.87,2025-05-05T14:04:36
TXN000510,ACC00135,ACC00263,985.89,2025-05-05T14:41:53
TXN000511,ACC00099,ACC00170,7725.62,2025-05-05T14:47:12
TXN000512,ACC00127,ACC00198,4952.75,2025-05-05T15:08:12
TXN000513,ACC00025,ACC00080,931.96,2025-05-05T15:29:03
TXN000514,ACC00165,ACC00018,3449.09,2025-05-05T16:10:00
TXN000515,ACC00107,ACC00266,1306.42,2025-05-05T16:10:13
TXN000516,ACC00264,ACC00089,17401.27,2025-05-05T16:23:36
TXN000517,ACC00088,ACC00142,27081.10,2025-05-05T16:38:00
TXN000518,ACC00038,ACC00159,1314.09,2025-05-05T16:38:49
TXN000519,ACC00282,ACC00068,1376.69,2025-05-05T16:44:26
TXN000520,ACC00092,ACC00093,992.67,2025-05-05T16:47:37
TXN000521,ACC00169,ACC00269,3263.91,2025-05-05T17:00:25
TXN000522,ACC00133,ACC00097,25249.56,2025-05-05T17:01:55
TXN000523,ACC00197,ACC00159,609.36,2025-05-05T17:07:31
TXN000524,ACC00083,ACC00278,418.74,2025-05-05T17:16:57
TXN000525,ACC00005,ACC00113,25621.12,2025-05-05T17:23:02
TXN000526,ACC00031,ACC00248,228.22,2025-05-05T17:25:44
TXN000527,ACC00077,ACC00026,2801.20,2025-05-05T17:42:05
TXN000528,ACC00197,ACC00257,10482.75,2025-05-05T17:45:35
TXN000529,ACC00110,ACC00243,11585.03,2025-05-05T17:57:50
TXN000530,ACC00223,ACC00284,1916.35,2025-05-05T17:59:08
TXN000531,ACC00030,ACC00159,1225.67,2025-05-05T18:02:34
TXN000532,ACC00269,ACC00183,37699.03,2025-05-05T18:05:00
TXN000533,ACC00269,ACC00288,41427.08,2025-05-05T18:07:00
TXN000534,ACC00080,ACC00011,59205.66,2025-05-05T18:08:00
TXN000535,ACC00173,ACC00197,36421.60,2025-05-05T18:09:00
TXN000536,ACC00080,ACC00167,35198.33,2025-05-05T18:13:00
TXN000537,ACC00111,ACC00151,62000.00,2025-05-05T18:14:00
TXN000538,ACC00175,ACC00206,42451.54,2025-05-05T18:21:00
TXN000539,ACC00153,ACC00043,361.87,2025-05-05T18:22:24
TXN000540,ACC00264,ACC00089,12399.59,2025-05-05T18:28:55
TXN000541,ACC00080,ACC00204,30425.19,2025-05-05T18:30:00
TXN000542,ACC00132,ACC00183,413.13,2025-05-05T18:37:57
TXN000543,ACC00080,ACC00279,31033.06,2025-05-05T18:39:00
TXN000544,ACC00111,ACC00146,41730.59,2025-05-05T18:43:00
TXN000545,ACC00111,ACC00180,46500.79,2025-05-05T18:43:00
TXN000546,ACC00269,ACC00129,50290.92,2025-05-05T18:44:00
TXN000547,ACC00080,ACC00218,24306.73,2025-05-05T18:48:00
TXN000548,ACC00080,ACC00202,28035.79,2025-05-05T18:49:00
TXN000549,ACC00281,ACC00188,29736.15,2025-05-05T18:51:00
TXN000550,ACC00037,ACC00075,6544.70,2025-05-05T18:51:08
TXN000551,ACC00111,ACC00090,49738.41,2025-05-05T18:52:00
TXN000552,ACC00281,ACC00191,34876.17,2025-05-05T18:52:00
TXN000553,ACC00224,ACC00159,3000.00,2025-05-05T18:53:32
TXN000554,ACC00173,ACC00084,30391.21,2025-05-05T18:54:00
TXN000555,ACC00269,ACC00069,22860.86,2025-05-05T18:57:00
TXN000556,ACC00282,ACC00012,4641.08,2025-05-05T19:03:41
TXN000557,ACC00065,ACC00159,518.25,2025-05-05T19:09:51
TXN000558,ACC00281,ACC00009,33791.27,2025-05-05T19:11:00
TXN000559,ACC00175,ACC00253,35528.39,2025-05-05T19:16:00
TXN000560,ACC00131,ACC00198,2226.35,2025-05-05T19:16:11
TXN000561,ACC00111,ACC00087,57167.86,2025-05-05T19:17:00
TXN000562,ACC00186,ACC00230,21523.69,2025-05-05T19:21:01
TXN000563,ACC00175,ACC00163,62000.00,2025-05-05T19:24:00
TXN000564,ACC00111,ACC00256,36393.46,2025-05-05T19:26:00
TXN000565,ACC00083,ACC00068,2025.67,2025-05-05T19:26:14
TXN000566,ACC00158,ACC00148,3269.15,2025-05-05T19:26:51
TXN000567,ACC00281,ACC00252,26001.55,2025-05-05T19:30:00
TXN000568,ACC00173,ACC00177,33258.29,2025-05-05T19:32:00
TXN000569,ACC00078,ACC00278,1292.87,2025-05-05T19:33:46
TXN000570,ACC00111,ACC00003,43421.17,2025-05-05T19:34:00
TXN000571,ACC00173,ACC00268,23810.77,2025-05-05T19:37:00
TXN000572,ACC00173,ACC00208,40599.55,2025-05-05T19:40:00
TXN000573,ACC00175,ACC00043,33016.92,2025-05-05T19:43:00
TXN000574,ACC00175,ACC00225,32841.91,2025-05-05T19:43:00
TXN000575,ACC00080,ACC00071,19809.89,2025-05-05T19:47:00
TXN000576,ACC00281,ACC00271,31135.66,2025-05-05T19:49:00
TXN000577,ACC00175,ACC00005,35985.74,2025-05-05T19:49:00
TXN000578,ACC00111,ACC00248,28968.06,2025-05-05T19:52:00
TXN000579,ACC00173,ACC00091,30722.20,2025-05-05T19:52:00
TXN000580,ACC00269,ACC00214,43565.16,2025-05-05T19:57:00
TXN000581,ACC00175,ACC00189,41634.27,2025-05-05T19:59:00
TXN000582,ACC00173,ACC00193,25162.41,2025-05-05T20:00:00
TXN000583,ACC00269,ACC00096,24491.65,2025-05-05T20:02:00
TXN000584,ACC00173,ACC00182,31875.49,2025-05-05T20:02:00
TXN000585,ACC00111,ACC00261,26187.72,2025-05-05T20:11:00
TXN000586,ACC00080,ACC00283,53444.82,2025-05-05T20:12:00
TXN000587,ACC00269,ACC00174,25245.63,2025-05-05T20:13:00
TXN000588,ACC00175,ACC00276,45416.80,2025-05-05T20:17:00
TXN000589,ACC00080,ACC00082,41742.02,2025-05-05T20:24:00
TXN000590,ACC00149,ACC00245,124.98,2025-05-05T20:25:39
TXN000591,ACC00036,ACC00059,32764.83,2025-05-05T20:25:45
TXN000592,ACC00173,ACC00100,40455.96,2025-05-05T20:26:00
TXN000593,ACC00111,ACC00241,38232.25,2025-05-05T20:26:00
TXN000594,ACC00241,ACC00279,638.02,2025-05-05T20:27:30
TXN000595,ACC00122,ACC00018,6922.85,2025-05-05T20:30:11
TXN000596,ACC00080,ACC00063,62000.00,2025-05-05T20:32:00
TXN000597,ACC00269,ACC00028,31961.47,2025-05-05T20:34:00
TXN000598,ACC00281,ACC00255,56816.55,2025-05-05T20:35:00
TXN000599,ACC00015,ACC00093,547.64,2025-05-05T20:35:44
TXN000600,ACC00080,ACC00289,32430.15,2025-05-05T20:36:00
TXN000601,ACC00080,ACC00044,44022.92,2025-05-05T20:38:00
TXN000602,ACC00269,ACC00051,42589.95,2025-05-05T20:40:00
TXN000603,ACC00173,ACC00077,30567.79,2025-05-05T20:40:00
TXN000604,ACC00111,ACC00125,32186.89,2025-05-05T20:41:00
TXN000605,ACC00080,ACC00139,49807.77,2025-05-05T20:42:00
TXN000606,ACC00004,ACC00050,954.83,2025-05-05T20:43:30
TXN000607,ACC00269,ACC00140,46345.77,2025-05-05T20:45:00
TXN000608,ACC00111,ACC00240,24765.42,2025-05-05T20:52:00
TXN000609,ACC00154,ACC00238,1064.46,2025-05-05T20:52:24
TXN000610,ACC00267,ACC00142,35736.75,2025-05-05T20:53:51
TXN000611,ACC00281,ACC00030,36356.08,2025-05-05T20:56:00
TXN000612,ACC00080,ACC00260,39252.35,2025-05-05T20:58:00
TXN000613,ACC00175,ACC00211,51113.89,2025-05-05T20:59:00
TXN000614,ACC00134,ACC00075,23348.52,2025-05-05T21:06:08
TXN000615,ACC00024,ACC00076,1074.28,2025-05-05T21:16:31
TXN000616,ACC00224,ACC00222,665.91,2025-05-05T21:24:43
TXN000617,ACC00123,ACC00133,402.22,2025-05-05T21:34:46
TXN000618,ACC00201,ACC00170,6085.86,2025-05-05T21:34:54
TXN000619,ACC00091,ACC00235,1230.84,2025-05-05T21:37:19
TXN000620,ACC00101,ACC00068,941.16,2025-05-05T22:32:54
TXN000621,ACC00286,ACC00223,282.95,2025-05-05T22:34:43
TXN000622,ACC00209,ACC00266,755.35,2025-05-05T22:36:01
TXN000623,ACC00041,ACC00204,339.08,2025-05-05T22:38:12
TXN000624,ACC00065,ACC00230,8168.11,2025-05-05T22:43:42
TXN000625,ACC00276,ACC00118,28937.06,2025-05-05T22:54:31
TXN000626,ACC00046,ACC00044,348.26,2025-05-05T22:55:40
TXN000627,ACC00019,ACC00155,1268.48,2025-05-05T22:58:04
TXN000628,ACC00211,ACC00198,2705.26,2025-05-05T23:18:08
TXN000629,ACC00098,ACC00093,889.57,2025-05-05T23:25:58
TXN000630,ACC00128,ACC00227,1085.29,2025-05-05T23:27:41
TXN000631,ACC00275,ACC00113,13572.68,2025-05-05T23:28:19
TXN000632,ACC00009,ACC00038,1433.29,2025-05-05T23:30:44
TXN000633,ACC00130,ACC00181,4526.25,2025-05-05T23:32:02
TXN000634,ACC00110,ACC00026,839.83,2025-05-05T23:33:06
TXN000635,ACC00231,ACC00089,4880.48,2025-05-05T23:45:38
TXN000636,ACC00176,ACC00230,11999.26,2025-05-05T23:45:55
TXN000637,ACC00025,ACC00219,922.99,2025-05-06T00:00:39
TXN000638,ACC00057,ACC00257,18304.87,2025-05-06T00:08:54
TXN000639,ACC00020,ACC00039,1542.68,2025-05-06T00:26:07
TXN000640,ACC00101,ACC00155,453.46,2025-05-06T00:43:01
TXN000641,ACC00011,ACC00159,1666.78,2025-05-06T00:49:37
TXN000642,ACC00046,ACC00170,12951.09,2025-05-06T00:50:25
TXN000643,ACC00168,ACC00021,1400.26,2025-05-06T01:02:15
TXN000644,ACC00146,ACC00219,733.49,2025-05-06T01:04:30
TXN000645,ACC00216,ACC00123,210.01,2025-05-06T01:05:12
TXN000646,ACC00232,ACC00138,620.97,2025-05-06T01:27:50
TXN000647,ACC00262,ACC00076,153.69,2025-05-06T01:29:31
TXN000648,ACC00183,ACC00198,903.80,2025-05-06T01:32:37
TXN000649,ACC00256,ACC00097,11482.04,2025-05-06T01:43:40
TXN000650,ACC00037,ACC00227,1169.08,2025-05-06T01:59:34
TXN000651,ACC00275,ACC00155,645.48,2025-05-06T01:59:39
TXN000652,ACC00197,ACC00266,421.44,2025-05-06T02:07:33
TXN000653,ACC00008,ACC00113,11708.75,2025-05-06T02:08:46
TXN000654,ACC00283,ACC00159,496.97,2025-05-06T02:10:40
TXN000655,ACC00249,ACC00257,26636.88,2025-05-06T02:13:19
TXN000656,ACC00025,ACC00198,1287.43,2025-05-06T02:29:33
TXN000657,ACC00263,ACC00018,3285.08,2025-05-06T02:41:45
TXN000658,ACC00263,ACC00111,4700.19,2025-05-06T02:48:30
TXN000659,ACC00077,ACC00278,485.84,2025-05-06T02:50:59
TXN000660,ACC00027,ACC00284,888.79,2025-05-06T02:51:20
TXN000661,ACC00109,ACC00021,462.44,2025-05-06T03:04:39
TXN000662,ACC00186,ACC00093,677.84,2025-05-06T03:07:11
TXN000663,ACC00254,ACC00269,1033.47,2025-05-06T03:08:07
TXN000664,ACC00206,ACC00018,3583.58,2025-05-06T03:20:35
TXN000665,ACC00135,ACC00227,2217.34,2025-05-06T03:22:43
TXN000666,ACC00040,ACC00142,17591.47,2025-05-06T03:36:30
TXN000667,ACC00238,ACC00026,593.16,2025-05-06T03:48:53
TXN000668,ACC00267,ACC00178,415.84,2025-05-06T04:29:26
TXN000669,ACC00010,ACC00222,501.99,2025-05-06T04:57:59
TXN000670,ACC00153,ACC00250,14295.64,2025-05-06T05:00:09
TXN000671,ACC00192,ACC00060,18098.11,2025-05-06T05:50:33
TXN000672,ACC00231,ACC00089,52643.22,2025-05-06T06:01:16
TXN000673,ACC00090,ACC00222,608.00,2025-05-06T06:06:29
TXN000674,ACC00288,ACC00021,1886.64,2025-05-06T06:31:59
TXN000675,ACC00135,ACC00237,1921.59,2025-05-06T06:50:01
TXN000676,ACC00023,ACC00284,642.74,2025-05-06T08:50:42
TXN000677,ACC00098,ACC00161,1242.58,2025-05-06T08:51:53
TXN000678,ACC00232,ACC00218,406.94,2025-05-06T15:03:12
TXN000679,ACC00036,ACC00170,10502.48,2025-05-06T15:05:17
TXN000680,ACC00022,ACC00285,2310.50,2025-05-06T15:11:02
TXN000681,ACC00240,ACC00278,857.13,2025-05-06T16:04:00
TXN000682,ACC00228,ACC00181,2999.50,2025-05-06T16:11:20
TXN000683,ACC00024,ACC00018,4201.01,2025-05-06T16:34:54
TXN000684,ACC00274,ACC00250,11635.69,2025-05-06T16:37:35
TXN000685,ACC00100,ACC00284,601.04,2025-05-06T16:48:58
TXN000686,ACC00125,ACC00170,3460.69,2025-05-06T17:10:45
TXN000687,ACC00063,ACC00021,1540.22,2025-05-06T17:19:38
TXN000688,ACC00121,ACC00181,4630.07,2025-05-06T17:35:44
TXN000689,ACC00132,ACC00032,4788.31,2025-05-06T17:48:24
TXN000690,ACC00201,ACC00056,1073.87,2025-05-06T18:05:27
TXN000691,ACC00265,ACC00170,15681.02,2025-05-06T18:05:47
TXN000692,ACC00263,ACC00173,2359.42,2025-05-06T18:25:23
TXN000693,ACC00011,ACC00222,256.09,2025-05-06T18:30:09
TXN000694,ACC00289,ACC00060,26100.62,2025-05-06T18:33:21
TXN000695,ACC00236,ACC00184,2973.07,2025-05-06T19:02:06
TXN000696,ACC00019,ACC00089,28248.27,2025-05-06T19:03:32
TXN000697,ACC00039,ACC00113,11757.45,2025-05-06T19:05:17
TXN000698,ACC00276,ACC00175,1254.02,2025-05-06T19:17:31
TXN000699,ACC00085,ACC00170,13696.48,2025-05-06T19:32:33
TXN000700,ACC00030,ACC00113,17485.00,2025-05-06T19:38:45
TXN000701,ACC00254,ACC00175,342.31,2025-05-06T19:39:33
TXN000702,ACC00123,ACC00257,10238.52,2025-05-06T19:57:01
TXN000703,ACC00109,ACC00018,4983.47,2025-05-06T20:01:07
TXN000704,ACC00162,ACC00142,4181.88,2025-05-06T20:02:51
TXN000705,ACC00062,ACC00161,1528.08,2025-05-06T20:32:47
TXN000706,ACC00007,ACC00243,3706.41,2025-05-06T20:33:52
TXN000707,ACC00189,ACC00230,31897.81,2025-05-06T20:42:54
TXN000708,ACC00203,ACC00219,1528.28,2025-05-06T20:46:24
TXN000709,ACC00233,ACC00084,2113.23,2025-05-06T20:50:13
TXN000710,ACC00054,ACC00138,1330.43,2025-05-06T20:50:27
TXN000711,ACC00254,ACC00257,10860.09,2025-05-06T20:50:37
TXN000712,ACC00169,ACC00089,8911.13,2025-05-06T20:52:39
TXN000713,ACC00210,ACC00060,8757.90,2025-05-06T20:53:13
TXN000714,ACC00098,ACC00050,4395.92,2025-05-06T21:27:43
TXN000715,ACC00134,ACC00195,830.82,2025-05-06T21:40:09
TXN000716,ACC00035,ACC00219,1446.20,2025-05-06T21:41:02
TXN000717,ACC00272,ACC00018,3865.37,2025-05-06T21:53:07
TXN000718,ACC00271,ACC00035,571.92,2025-05-06T21:58:49
TXN000719,ACC00131,ACC00156,1130.06,2025-05-06T22:11:36
TXN000720,ACC00116,ACC00173,1869.97,2025-05-06T22:14:24
TXN000721,ACC00233,ACC00274,1999.90,2025-05-06T22:26:28
TXN000722,ACC00273,ACC00284,684.47,2025-05-06T22:32:54
TXN000723,ACC00163,ACC00257,23526.21,2025-05-06T22:35:03
TXN000724,ACC00265,ACC00082,619.29,2025-05-06T22:52:16
TXN000725,ACC00035,ACC00068,1107.18,2025-05-06T23:02:30
TXN000726,ACC00249,ACC00060,18706.97,2025-05-06T23:04:20
TXN000727,ACC00079,ACC00012,2142.69,2025-05-06T23:11:15
TXN000728,ACC00001,ACC00148,2932.14,2025-05-06T23:31:08
TXN000729,ACC00156,ACC00075,8403.75,2025-05-07T00:00:18
TXN000730,ACC00042,ACC00154,430.46,2025-05-07T00:20:26
TXN000731,ACC00061,ACC00113,5982.60,2025-05-07T00:24:14
TXN000732,ACC00106,ACC00018,8225.65,2025-05-07T00:24:43
TXN000733,ACC00150,ACC00021,926.71,2025-05-07T00:32:20
TXN000734,ACC00038,ACC00148,2957.74,2025-05-07T00:38:07
TXN000735,ACC00149,ACC00059,34927.38,2025-05-07T00:41:10
TXN000736,ACC00128,ACC00148,3013.68,2025-05-07T00:43:49
TXN000737,ACC00197,ACC00088,516.49,2025-05-07T00:43:51
TXN000738,ACC00154,ACC00181,1680.52,2025-05-07T00:53:14
TXN000739,ACC00114,ACC00026,1929.32,2025-05-07T00:55:14
TXN000740,ACC00036,ACC00097,11304.33,2025-05-07T00:59:54
TXN000741,ACC00176,ACC00118,22092.54,2025-05-07T01:04:11
TXN000742,ACC00011,ACC00278,1952.09,2025-05-07T01:05:59
TXN000743,ACC00066,ACC00030,366.97,2025-05-07T01:15:06
TXN000744,ACC00276,ACC00257,17725.56,2025-05-07T01:16:22
TXN000745,ACC00160,ACC00170,38811.45,2025-05-07T01:20:22
TXN000746,ACC00218,ACC00097,6427.41,2025-05-07T01:35:48
TXN000747,ACC00239,ACC00089,14997.23,2025-05-07T01:48:02
TXN000748,ACC00190,ACC00195,2611.92,2025-05-07T01:48:20
TXN000749,ACC00027,ACC00250,12139.09,2025-05-07T01:49:52
TXN000750,ACC00223,ACC00237,789.56,2025-05-07T02:14:36
TXN000751,ACC00140,ACC00237,1191.45,2025-05-07T02:38:53
TXN000752,ACC00253,ACC00023,117.33,2025-05-07T02:42:16
TXN000753,ACC00248,ACC00278,615.69,2025-05-07T02:47:00
TXN000754,ACC00119,ACC00151,291.62,2025-05-07T02:53:26
TXN000755,ACC00260,ACC00118,34255.18,2025-05-07T02:58:10
TXN000756,ACC00140,ACC00221,2011.76,2025-05-07T03:07:00
TXN000757,ACC00233,ACC00274,751.60,2025-05-07T03:07:58
TXN000758,ACC00186,ACC00060,11003.62,2025-05-07T03:08:07
TXN000759,ACC00052,ACC00012,3336.30,2025-05-07T03:18:53
TXN000760,ACC00244,ACC00050,6000.00,2025-05-07T03:25:02
TXN000761,ACC00092,ACC00160,183.03,2025-05-07T03:26:03
TXN000762,ACC00119,ACC00219,1519.48,2025-05-07T03:29:25
TXN000763,ACC00171,ACC00076,799.21,2025-05-07T03:33:29
TXN000764,ACC00132,ACC00080,1069.47,2025-05-07T03:37:06
TXN000765,ACC00132,ACC00076,1846.56,2025-05-07T03:47:45
TXN000766,ACC00275,ACC00059,27880.38,2025-05-07T04:04:20
TXN000767,ACC00154,ACC00097,7741.66,2025-05-07T04:34:26
TXN000768,ACC00203,ACC00118,37654.40,2025-05-07T05:05:31
TXN000769,ACC00033,ACC00055,1052.79,2025-05-07T05:33:40
TXN000770,ACC00204,ACC00021,8000.00,2025-05-07T05:36:39
TXN000771,ACC00245,ACC00080,759.54,2025-05-07T05:39:43
TXN000772,ACC00037,ACC00144,1376.30,2025-05-07T06:49:32
TXN000773,ACC00165,ACC00173,2391.90,2025-05-07T06:50:26
TXN000774,ACC00223,ACC00284,368.54,2025-05-07T12:28:35
TXN000775,ACC00044,ACC00181,1495.07,2025-05-07T14:13:19
TXN000776,ACC00030,ACC00213,21167.58,2025-05-07T14:44:38
TXN000777,ACC00042,ACC00181,3080.09,2025-05-07T14:59:31
TXN000778,ACC00011,ACC00068,429.97,2025-05-07T15:28:56
TXN000779,ACC00265,ACC00076,468.31,2025-05-07T15:51:00
TXN000780,ACC00160,ACC00250,15505.06,2025-05-07T16:34:38
TXN000781,ACC00082,ACC00266,250.41,2025-05-07T16:37:47
TXN000782,ACC00286,ACC00199,1070.43,2025-05-07T16:38:16
TXN000783,ACC00070,ACC00096,1136.33,2025-05-07T16:45:32
TXN000784,ACC00010,ACC00155,496.40,2025-05-07T16:52:09
TXN000785,ACC00261,ACC00118,26712.67,2025-05-07T16:52:52
TXN000786,ACC00033,ACC00089,14242.12,2025-05-07T16:53:08
TXN000787,ACC00128,ACC00184,1797.62,2025-05-07T16:57:18
TXN000788,ACC00087,ACC00070,672.19,2025-05-07T17:01:31
TXN000789,ACC00247,ACC00050,561.27,2025-05-07T17:33:43
TXN000790,ACC00238,ACC00284,985.20,2025-05-07T17:47:42
TXN000791,ACC00041,ACC00250,21663.14,2025-05-07T18:01:25
TXN000792,ACC00192,ACC00089,10901.98,2025-05-07T18:11:45
TXN000793,ACC00156,ACC00187,1408.58,2025-05-07T18:22:36
TXN000794,ACC00107,ACC00018,2920.05,2025-05-07T18:33:09
TXN000795,ACC00261,ACC00222,356.62,2025-05-07T18:36:36
TXN000796,ACC00074,ACC00195,1446.18,2025-05-07T18:38:30
TXN000797,ACC00185,ACC00092,172.67,2025-05-07T18:38:31
TXN000798,ACC00261,ACC00076,808.51,2025-05-07T18:42:19
TXN000799,ACC00108,ACC00207,30718.53,2025-05-07T18:48:27
TXN000800,ACC00119,ACC00118,10767.65,2025-05-07T18:54:11
TXN000801,ACC00127,ACC00155,528.15,2025-05-07T18:54:37
TXN000802,ACC00086,ACC00068,1069.18,2025-05-07T18:58:24
TXN000803,ACC00211,ACC00106,1825.90,2025-05-07T18:59:02
TXN000804,ACC00071,ACC00111,2018.84,2025-05-07T19:20:51
TXN000805,ACC00066,ACC00018,3897.95,2025-05-07T19:34:47
TXN000806,ACC00015,ACC00032,19137.46,2025-05-07T19:42:06
TXN000807,ACC00233,ACC00204,495.09,2025-05-07T19:44:15
TXN000808,ACC00065,ACC00207,2857.80,2025-05-07T19:48:26
TXN000809,ACC00227,ACC00113,6884.43,2025-05-07T20:00:00
TXN000810,ACC00169,ACC00118,55000.00,2025-05-07T20:04:40
TXN000811,ACC00101,ACC00219,1830.70,2025-05-07T20:47:43
TXN000812,ACC00081,ACC00080,603.62,2025-05-07T20:47:49
TXN000813,ACC00059,ACC00230,4402.33,2025-05-07T20:50:00
TXN000814,ACC00071,ACC00075,14584.75,2025-05-07T21:12:34
TXN000815,ACC00108,ACC00230,44947.52,2025-05-07T21:17:34
TXN000816,ACC00287,ACC00173,1639.36,2025-05-07T21:26:19
TXN000817,ACC00183,ACC00097,8717.81,2025-05-07T21:42:00
TXN000818,ACC00154,ACC00113,6559.25,2025-05-07T21:44:04
TXN000819,ACC00081,ACC00257,14877.64,2025-05-07T21:49:00
TXN000820,ACC00005,ACC00257,16731.95,2025-05-07T21:53:37
TXN000821,ACC00224,ACC00250,14241.98,2025-05-07T22:00:20
TXN000822,ACC00082,ACC00188,376.03,2025-05-07T22:08:19
TXN000823,ACC00186,ACC00021,5841.84,2025-05-07T22:08:54
TXN000824,ACC00042,ACC00222,557.26,2025-05-07T22:14:00
TXN000825,ACC00239,ACC00173,4778.56,2025-05-07T22:20:26
TXN000826,ACC00186,ACC00032,21978.11,2025-05-07T22:27:32
TXN000827,ACC00267,ACC00012,3016.69,2025-05-07T22:55:41
TXN000828,ACC00114,ACC00185,354.31,2025-05-07T22:57:45
TXN000829,ACC00062,ACC00266,704.41,2025-05-07T23:16:59
TXN000830,ACC00206,ACC00266,784.12,2025-05-07T23:20:26
TXN000831,ACC00275,ACC00290,1605.27,2025-05-07T23:25:16
TXN000832,ACC00211,ACC00021,5984.50,2025-05-07T23:29:26
TXN000833,ACC00174,ACC00175,633.78,2025-05-07T23:31:18
TXN000834,ACC00254,ACC00026,2601.46,2025-05-07T23:44:39
TXN000835,ACC00128,ACC00096,1748.82,2025-05-07T23:44:40
TXN000836,ACC00116,ACC00186,497.15,2025-05-07T23:45:36
TXN000837,ACC00245,ACC00284,680.96,2025-05-07T23:56:23
TXN000838,ACC00273,ACC00168,526.47,2025-05-08T00:02:47
TXN000839,ACC00015,ACC00109,2530.28,2025-05-08T00:09:20
TXN000840,ACC00081,ACC00071,1879.68,2025-05-08T00:10:45
TXN000841,ACC00047,ACC00221,1164.56,2025-05-08T00:19:18
TXN000842,ACC00156,ACC00132,883.53,2025-05-08T00:32:16
TXN000843,ACC00008,ACC00257,15685.85,2025-05-08T00:33:38
TXN000844,ACC00124,ACC00018,2672.41,2025-05-08T00:37:24
TXN000845,ACC00087,ACC00211,1389.72,2025-05-08T00:50:41
TXN000846,ACC00200,ACC00068,1251.79,2025-05-08T00:56:22
TXN000847,ACC00202,ACC00268,1104.62,2025-05-08T01:02:46
TXN000848,ACC00041,ACC00175,3008.35,2025-05-08T01:35:01
TXN000849,ACC00099,ACC00007,979.52,2025-05-08T01:36:54
TXN000850,ACC00083,ACC00211,428.76,2025-05-08T01:45:04
TXN000851,ACC00047,ACC00159,782.76,2025-05-08T01:55:36
TXN000852,ACC00178,ACC00170,45000.00,2025-05-08T01:56:44
TXN000853,ACC00133,ACC00089,15591.99,2025-05-08T01:56:48
TXN000854,ACC00110,ACC00068,1461.83,2025-05-08T02:12:16
TXN000855,ACC00069,ACC00257,13207.25,2025-05-08T02:18:08
TXN000856,ACC00267,ACC00269,2478.62,2025-05-08T02:22:10
TXN000857,ACC00183,ACC00012,4010.83,2025-05-08T02:28:51
TXN000858,ACC00290,ACC00269,305.09,2025-05-08T02:30:15
TXN000859,ACC00063,ACC00140,356.28,2025-05-08T02:41:24
TXN000860,ACC00183,ACC00281,774.47,2025-05-08T02:49:04
TXN000861,ACC00265,ACC00155,1020.54,2025-05-08T03:12:24
TXN000862,ACC00201,ACC00068,1240.79,2025-05-08T03:18:15
TXN000863,ACC00204,ACC00173,2288.71,2025-05-08T03:19:52
TXN000864,ACC00011,ACC00148,3128.44,2025-05-08T03:35:38
TXN000865,ACC00007,ACC00219,768.28,2025-05-08T03:39:17
TXN000866,ACC00134,ACC00080,566.41,2025-05-08T03:45:51
TXN000867,ACC00196,ACC00075,19131.44,2025-05-08T03:46:37
TXN000868,ACC00172,ACC00004,2864.36,2025-05-08T03:47:32
TXN000869,ACC00003,ACC00091,338.81,2025-05-08T03:51:44
TXN000870,ACC00010,ACC00190,767.50,2025-05-08T03:57:32
TXN000871,ACC00194,ACC00113,34891.45,2025-05-08T04:06:53
TXN000872,ACC00009,ACC00219,1681.07,2025-05-08T04:20:03
TXN000873,ACC00119,ACC00202,2330.90,2025-05-08T04:49:46
TXN000874,ACC00255,ACC00257,15829.28,2025-05-08T04:52:31
TXN000875,ACC00064,ACC00221,584.77,2025-05-08T04:53:14
TXN000876,ACC00247,ACC00080,906.76,2025-05-08T04:56:17
TXN000877,ACC00192,ACC00018,1727.68,2025-05-08T05:01:44
TXN000878,ACC00104,ACC00227,2563.03,2025-05-08T05:13:46
TXN000879,ACC00066,ACC00138,452.31,2025-05-08T05:19:10
TXN000880,ACC00177,ACC00278,565.58,2025-05-08T05:30:35
TXN000881,ACC00224,ACC00250,14663.61,2025-05-08T05:32:01
TXN000882,ACC00185,ACC00284,900.69,2025-05-08T05:37:29
TXN000883,ACC00019,ACC00097,9869.43,2025-05-08T05:42:04
TXN000884,ACC00168,ACC00184,5136.78,2025-05-08T05:53:51
TXN000885,ACC00229,ACC00083,2469.81,2025-05-08T06:07:00
TXN000886,ACC00015,ACC00097,14797.68,2025-05-08T06:24:16
TXN000887,ACC00010,ACC00089,5580.49,2025-05-08T06:29:47
TXN000888,ACC00271,ACC00270,766.88,2025-05-08T07:51:12
TXN000889,ACC00267,ACC00059,55000.00,2025-05-08T08:14:06
TXN000890,ACC00132,ACC00060,10796.51,2025-05-08T09:22:01
TXN000891,ACC00203,ACC00098,1347.92,2025-05-08T09:47:50
TXN000892,ACC00061,ACC00228,1543.73,2025-05-08T09:48:16
TXN000893,ACC00262,ACC00012,7136.26,2025-05-08T10:09:28
TXN000894,ACC00121,ACC00159,3000.00,2025-05-08T15:33:44
TXN000895,ACC00057,ACC00076,1736.09,2025-05-08T16:11:49
TXN000896,ACC00090,ACC00207,16926.81,2025-05-08T16:51:39
TXN000897,ACC00073,ACC00018,3560.55,2025-05-08T17:00:58
TXN000898,ACC00169,ACC00018,4692.14,2025-05-08T17:09:39
TXN000899,ACC00216,ACC00024,266.60,2025-05-08T17:17:33
TXN000900,ACC00260,ACC00026,1709.37,2025-05-08T17:32:50
TXN000901,ACC00129,ACC00155,1444.45,2025-05-08T17:43:14
TXN000902,ACC00035,ACC00155,1395.54,2025-05-08T17:43:42
TXN000903,ACC00125,ACC00059,10719.58,2025-05-08T17:45:28
TXN000904,ACC00134,ACC00250,13659.50,2025-05-08T17:55:43
TXN000905,ACC00019,ACC00236,1434.25,2025-05-08T18:18:05
TXN000906,ACC00052,ACC00234,211.88,2025-05-08T18:45:18
TXN000907,ACC00031,ACC00222,386.02,2025-05-08T18:46:10
TXN000908,ACC00078,ACC00184,1522.23,2025-05-08T18:46:19
TXN000909,ACC00057,ACC00213,17489.55,2025-05-08T19:10:02
TXN000910,ACC00203,ACC00051,249.10,2025-05-08T19:11:43
TXN000911,ACC00027,ACC00267,357.63,2025-05-08T19:26:48
TXN000912,ACC00203,ACC00222,1141.76,2025-05-08T19:36:27
TXN000913,ACC00015,ACC00243,5255.25,2025-05-08T19:38:49
TXN000914,ACC00022,ACC00076,630.95,2025-05-08T19:45:50
TXN000915,ACC00079,ACC00187,795.06,2025-05-08T19:56:34
TXN000916,ACC00182,ACC00266,1950.30,2025-05-08T19:57:10
TXN000917,ACC00176,ACC00093,499.37,2025-05-08T20:02:25
TXN000918,ACC00124,ACC00284,2500.00,2025-05-08T20:03:57
TXN000919,ACC00178,ACC00230,29011.63,2025-05-08T20:15:27
TXN000920,ACC00028,ACC00021,2499.64,2025-05-08T20:25:46
TXN000921,ACC00247,ACC00059,25046.11,2025-05-08T20:29:36
TXN000922,ACC00244,ACC00208,1027.56,2025-05-08T20:36:57
TXN000923,ACC00166,ACC00250,15606.14,2025-05-08T21:00:19
TXN000924,ACC00162,ACC00093,795.95,2025-05-08T21:10:06
TXN000925,ACC00268,ACC00060,14937.28,2025-05-08T21:12:26
TXN000926,ACC00083,ACC00257,11710.47,2025-05-08T21:22:22
TXN000927,ACC00273,ACC00138,2267.53,2025-05-08T21:39:50
TXN000928,ACC00279,ACC00040,1919.43,2025-05-08T21:51:53
TXN000929,ACC00010,ACC00159,2256.29,2025-05-08T22:02:59
TXN000930,ACC00188,ACC00281,1170.83,2025-05-08T22:08:37
TXN000931,ACC00042,ACC00069,505.39,2025-05-08T22:25:36
TXN000932,ACC00006,ACC00230,8467.31,2025-05-08T22:28:05
TXN000933,ACC00197,ACC00237,289.90,2025-05-08T22:33:12
TXN000934,ACC00235,ACC00221,1436.39,2025-05-08T22:49:04
TXN000935,ACC00135,ACC00182,474.70,2025-05-08T22:55:43
TXN000936,ACC00091,ACC00213,17274.25,2025-05-08T23:06:52
TXN000937,ACC00070,ACC00207,4506.42,2025-05-08T23:09:02
TXN000938,ACC00077,ACC00187,1530.20,2025-05-08T23:10:43
TXN000939,ACC00276,ACC00018,7386.31,2025-05-09T00:00:56
TXN000940,ACC00011,ACC00050,2952.31,2025-05-09T00:25:53
TXN000941,ACC00079,ACC00181,1268.78,2025-05-09T00:46:11
TXN000942,ACC00211,ACC00222,2198.39,2025-05-09T00:58:32
TXN000943,ACC00245,ACC00222,669.01,2025-05-09T00:58:48
TXN000944,ACC00024,ACC00159,502.93,2025-05-09T01:26:11
TXN000945,ACC00203,ACC00219,736.66,2025-05-09T01:27:47
TXN000946,ACC00235,ACC00150,368.60,2025-05-09T01:30:08
TXN000947,ACC00088,ACC00089,7925.31,2025-05-09T01:58:55
TXN000948,ACC00263,ACC00019,920.45,2025-05-09T02:04:11
TXN000949,ACC00267,ACC00178,1702.63,2025-05-09T02:10:36
TXN000950,ACC00061,ACC00219,805.34,2025-05-09T02:13:19
TXN000951,ACC00232,ACC00060,16745.05,2025-05-09T02:25:31
TXN000952,ACC00262,ACC00076,1329.86,2025-05-09T02:29:18
TXN000953,ACC00145,ACC00243,5972.38,2025-05-09T02:30:07
TXN000954,ACC00216,ACC00278,903.54,2025-05-09T02:36:26
TXN000955,ACC00275,ACC00185,1660.82,2025-05-09T02:45:27
TXN000956,ACC00274,ACC00237,1079.64,2025-05-09T02:47:47
TXN000957,ACC00236,ACC00279,127.51,2025-05-09T02:48:14
TXN000958,ACC00247,ACC00284,625.55,2025-05-09T02:49:43
TXN000959,ACC00177,ACC00113,5629.12,2025-05-09T02:57:50
TXN000960,ACC00177,ACC00028,338.33,2025-05-09T03:05:39
TXN000961,ACC00241,ACC00227,2730.89,2025-05-09T03:07:18
TXN000962,ACC00290,ACC00068,1001.33,2025-05-09T03:11:07
TXN000963,ACC00206,ACC00237,2500.00,2025-05-09T03:12:04
TXN000964,ACC00030,ACC00278,1432.64,2025-05-09T03:14:20
TXN000965,ACC00027,ACC00012,4666.91,2025-05-09T03:17:54
TXN000966,ACC00160,ACC00221,550.36,2025-05-09T03:33:43
TXN000967,ACC00004,ACC00080,1942.52,2025-05-09T03:35:32
TXN000968,ACC00180,ACC00111,2571.82,2025-05-09T03:37:44
TXN000969,ACC00166,ACC00124,646.96,2025-05-09T03:42:33
TXN000970,ACC00116,ACC00198,2550.33,2025-05-09T03:48:33
TXN000971,ACC00224,ACC00175,1860.72,2025-05-09T03:51:56
TXN000972,ACC00011,ACC00250,26395.74,2025-05-09T03:54:19
TXN000973,ACC00172,ACC00068,456.87,2025-05-09T03:56:21
TXN000974,ACC00241,ACC00227,2423.75,2025-05-09T03:56:23
TXN000975,ACC00191,ACC00207,32579.71,2025-05-09T04:20:02
TXN000976,ACC00231,ACC00269,652.00,2025-05-09T04:21:19
TXN000977,ACC00216,ACC00006,987.40,2025-05-09T04:27:53
TXN000978,ACC00197,ACC00012,2919.78,2025-05-09T04:57:58
TXN000979,ACC00233,ACC00080,1423.20,2025-05-09T05:17:17
TXN000980,ACC00071,ACC00230,19702.45,2025-05-09T05:26:56
TXN000981,ACC00121,ACC00230,10291.78,2025-05-09T05:41:47
TXN000982,ACC00131,ACC00266,635.72,2025-05-09T05:47:00
TXN000983,ACC00136,ACC00018,2833.15,2025-05-09T07:33:55
TXN000984,ACC00164,ACC00173,943.74,2025-05-09T08:06:47
TXN000985,ACC00006,ACC00284,880.77,2025-05-09T08:07:37
TXN000986,ACC00245,ACC00269,5245.72,2025-05-09T08:58:08
TXN000987,ACC00134,ACC00119,255.61,2025-05-09T09:22:53
TXN000988,ACC00197,ACC00148,3713.52,2025-05-09T12:12:16
TXN000989,ACC00027,ACC00068,801.23,2025-05-09T14:17:45
TXN000990,ACC00106,ACC00175,1906.74,2025-05-09T14:51:49
TXN000991,ACC00147,ACC00187,665.41,2025-05-09T15:45:14
TXN000992,ACC00098,ACC00278,524.72,2025-05-09T16:06:56
TXN000993,ACC00130,ACC00173,285.79,2025-05-09T16:09:00
TXN000994,ACC00041,ACC00018,5376.13,2025-05-09T16:25:39
TXN000995,ACC00049,ACC00138,337.53,2025-05-09T17:02:03
TXN000996,ACC00130,ACC00181,6097.49,2025-05-09T17:02:11
TXN000997,ACC00037,ACC00181,5038.26,2025-05-09T17:02:14
TXN000998,ACC00275,ACC00256,763.97,2025-05-09T17:27:26
TXN000999,ACC00137,ACC00277,604.79,2025-05-09T17:33:37
TXN001000,ACC00136,ACC00097,6446.86,2025-05-09T17:36:06
TXN001001,ACC00153,ACC00222,587.70,2025-05-09T17:55:18
TXN001002,ACC00254,ACC00278,504.31,2025-05-09T17:56:57
TXN001003,ACC00163,ACC00113,19373.35,2025-05-09T18:00:08
TXN001004,ACC00022,ACC00247,138.18,2025-05-09T18:23:09
TXN001005,ACC00202,ACC00184,3820.18,2025-05-09T18:38:46
TXN001006,ACC00168,ACC00207,15446.63,2025-05-09T18:43:04
TXN001007,ACC00260,ACC00198,2123.14,2025-05-09T18:46:30
TXN001008,ACC00277,ACC00173,391.68,2025-05-09T18:55:44
TXN001009,ACC00019,ACC00142,17761.28,2025-05-09T19:06:24
TXN001010,ACC00117,ACC00032,9955.10,2025-05-09T19:39:51
TXN001011,ACC00218,ACC00018,12000.00,2025-05-09T19:50:06
TXN001012,ACC00162,ACC00113,4246.82,2025-05-09T20:02:00
TXN001013,ACC00098,ACC00220,293.71,2025-05-09T20:04:42
TXN001014,ACC00248,ACC00080,4247.90,2025-05-09T20:09:42
TXN001015,ACC00015,ACC00155,1377.34,2025-05-09T20:11:29
TXN001016,ACC00252,ACC00239,642.47,2025-05-09T20:18:42
TXN001017,ACC00003,ACC00184,3352.85,2025-05-09T20:24:22
TXN001018,ACC00255,ACC00146,580.61,2025-05-09T20:35:50
TXN001019,ACC00287,ACC00288,573.98,2025-05-09T20:38:02
TXN001020,ACC00024,ACC00089,12543.08,2025-05-09T20:42:38
TXN001021,ACC00009,ACC00230,14064.14,2025-05-09T20:43:41
TXN001022,ACC00228,ACC00068,1630.78,2025-05-09T20:52:02
TXN001023,ACC00114,ACC00281,1811.99,2025-05-09T20:52:54
TXN001024,ACC00206,ACC00278,669.89,2025-05-09T20:57:20
TXN001025,ACC00236,ACC00018,4915.41,2025-05-09T21:08:01
TXN001026,ACC00086,ACC00093,1279.55,2025-05-09T21:09:22
TXN001027,ACC00033,ACC00161,608.82,2025-05-09T21:30:21
TXN001028,ACC00218,ACC00075,13964.36,2025-05-09T21:31:10
TXN001029,ACC00082,ACC00188,692.39,2025-05-09T21:37:25
TXN001030,ACC00123,ACC00161,565.54,2025-05-09T22:02:15
TXN001031,ACC00232,ACC00093,2001.82,2025-05-09T22:13:15
TXN001032,ACC00124,ACC00097,6708.64,2025-05-09T22:25:27
TXN001033,ACC00232,ACC00012,1951.97,2025-05-09T22:56:26
TXN001034,ACC00270,ACC00080,918.76,2025-05-09T23:10:49
TXN001035,ACC00251,ACC00227,2494.54,2025-05-09T23:11:10
TXN001036,ACC00041,ACC00001,943.33,2025-05-09T23:12:12
TXN001037,ACC00091,ACC00230,2657.27,2025-05-09T23:28:00
TXN001038,ACC00248,ACC00203,714.18,2025-05-09T23:50:51
TXN001039,ACC00271,ACC00230,20232.50,2025-05-10T00:18:31
TXN001040,ACC00044,ACC00213,15569.20,2025-05-10T00:23:08
TXN001041,ACC00124,ACC00222,1230.53,2025-05-10T00:28:47
TXN001042,ACC00261,ACC00142,24061.00,2025-05-10T00:42:27
TXN001043,ACC00087,ACC00068,1135.73,2025-05-10T00:44:27
TXN001044,ACC00188,ACC00161,1797.64,2025-05-10T00:46:32
TXN001045,ACC00255,ACC00281,8158.45,2025-05-10T00:51:24
TXN001046,ACC00107,ACC00111,412.20,2025-05-10T00:51:34
TXN001047,ACC00235,ACC00213,14717.11,2025-05-10T00:56:53
TXN001048,ACC00098,ACC00230,55000.00,2025-05-10T01:09:22
TXN001049,ACC00024,ACC00004,1030.65,2025-05-10T01:22:05
TXN001050,ACC00085,ACC00207,28442.26,2025-05-10T01:24:56
TXN001051,ACC00049,ACC00021,1058.44,2025-05-10T01:25:59
TXN001052,ACC00133,ACC00111,2326.49,2025-05-10T01:31:26
TXN001053,ACC00130,ACC00244,831.81,2025-05-10T01:43:13
TXN001054,ACC00100,ACC00162,838.77,2025-05-10T02:08:03
TXN001055,ACC00023,ACC00253,505.07,2025-05-10T02:08:13
TXN001056,ACC00117,ACC00060,12288.81,2025-05-10T02:10:04
TXN001057,ACC00065,ACC00256,354.22,2025-05-10T02:14:04
TXN001058,ACC00146,ACC00178,207.75,2025-05-10T02:19:26
TXN001059,ACC00177,ACC00068,616.23,2025-05-10T02:21:18
TXN001060,ACC00099,ACC00161,2124.21,2025-05-10T02:27:26
TXN001061,ACC00190,ACC00206,121.89,2025-05-10T02:37:37
TXN001062,ACC00146,ACC00062,1748.24,2025-05-10T02:41:27
TXN001063,ACC00252,ACC00090,2412.00,2025-05-10T02:41:50
TXN001064,ACC00285,ACC00197,1667.31,2025-05-10T02:48:17
TXN001065,ACC00143,ACC00086,533.68,2025-05-10T02:54:38
TXN001066,ACC00210,ACC00191,2891.99,2025-05-10T02:55:16
TXN001067,ACC00226,ACC00195,1444.56,2025-05-10T03:23:05
TXN001068,ACC00158,ACC00221,496.12,2025-05-10T03:23:14
TXN001069,ACC00085,ACC00230,14422.45,2025-05-10T03:26:03
TXN001070,ACC00154,ACC00170,6972.82,2025-05-10T03:26:43
TXN001071,ACC00239,ACC00117,229.96,2025-05-10T03:30:21
TXN001072,ACC00146,ACC00170,8366.50,2025-05-10T03:37:08
TXN001073,ACC00231,ACC00279,304.20,2025-05-10T03:38:09
TXN001074,ACC00252,ACC00169,1180.45,2025-05-10T03:46:31
TXN001075,ACC00071,ACC00138,611.96,2025-05-10T03:59:13
TXN001076,ACC00057,ACC00243,19936.81,2025-05-10T03:59:58
TXN001077,ACC00234,ACC00076,389.98,2025-05-10T04:08:48
TXN001078,ACC00085,ACC00094,422.15,2025-05-10T04:24:00
TXN001079,ACC00011,ACC00230,12314.89,2025-05-10T04:31:48
TXN001080,ACC00103,ACC00012,7738.00,2025-05-10T04:51:43
TXN001081,ACC00196,ACC00018,4652.72,2025-05-10T04:59:39
TXN001082,ACC00228,ACC00164,539.88,2025-05-10T05:02:08
TXN001083,ACC00239,ACC00252,505.60,2025-05-10T05:21:34
TXN001084,ACC00067,ACC00159,259.06,2025-05-10T05:41:05
TXN001085,ACC00149,ACC00093,418.59,2025-05-10T06:28:15
TXN001086,ACC00224,ACC00097,5467.64,2025-05-10T06:31:12
TXN001087,ACC00150,ACC00219,2093.69,2025-05-10T08:13:34
TXN001088,ACC00129,ACC00159,842.57,2025-05-10T08:23:42
TXN001089,ACC00188,ACC00277,1548.51,2025-05-10T09:29:45
TXN001090,ACC00196,ACC00198,4823.56,2025-05-10T09:44:22
TXN001091,ACC00156,ACC00131,1200.61,2025-05-10T11:07:38
TXN001092,ACC00231,ACC00279,621.40,2025-05-10T11:27:47
TXN001093,ACC00010,ACC00093,2281.87,2025-05-10T11:54:54
TXN001094,ACC00049,ACC00012,5499.53,2025-05-10T14:42:33
TXN001095,ACC00054,ACC00221,1570.64,2025-05-10T16:24:25
TXN001096,ACC00228,ACC00089,7418.66,2025-05-10T16:24:49
TXN001097,ACC00228,ACC00257,18828.17,2025-05-10T16:28:02
TXN001098,ACC00240,ACC00109,197.17,2025-05-10T16:40:50
TXN001099,ACC00260,ACC00237,1731.98,2025-05-10T17:07:43
TXN001100,ACC00177,ACC00032,9888.51,2025-05-10T17:13:13
TXN001101,ACC00033,ACC00243,5878.85,2025-05-10T17:25:07
TXN001102,ACC00061,ACC00170,9761.16,2025-05-10T17:39:27
TXN001103,ACC00209,ACC00075,6600.63,2025-05-10T17:46:12
TXN001104,ACC00154,ACC00032,18778.02,2025-05-10T18:03:40
TXN001105,ACC00205,ACC00170,16901.06,2025-05-10T18:10:42
TXN001106,ACC00290,ACC00026,851.18,2025-05-10T18:18:01
TXN001107,ACC00099,ACC00089,21385.24,2025-05-10T18:18:58
TXN001108,ACC00203,ACC00177,281.07,2025-05-10T18:31:59
TXN001109,ACC00106,ACC00207,11302.29,2025-05-10T18:36:18
TXN001110,ACC00163,ACC00213,16231.02,2025-05-10T18:38:08
TXN001111,ACC00151,ACC00068,240.62,2025-05-10T18:43:54
TXN001112,ACC00127,ACC00030,268.52,2025-05-10T18:47:43
TXN001113,ACC00166,ACC00167,1060.13,2025-05-10T18:49:55
TXN001114,ACC00252,ACC00198,5342.97,2025-05-10T18:52:10
TXN001115,ACC00289,ACC00044,663.61,2025-05-10T18:55:49
TXN001116,ACC00179,ACC00093,2096.21,2025-05-10T19:12:05
TXN001117,ACC00098,ACC00278,809.18,2025-05-10T19:28:18
TXN001118,ACC00214,ACC00195,2848.50,2025-05-10T19:30:15
TXN001119,ACC00183,ACC00052,1442.86,2025-05-10T19:34:27
TXN001120,ACC00167,ACC00243,10624.24,2025-05-10T19:41:57
TXN001121,ACC00202,ACC00181,4784.45,2025-05-10T19:42:23
TXN001122,ACC00003,ACC00012,6332.63,2025-05-10T19:44:36
TXN001123,ACC00282,ACC00059,27583.65,2025-05-10T20:02:56
TXN001124,ACC00042,ACC00266,1209.80,2025-05-10T20:06:49
TXN001125,ACC00010,ACC00075,9188.62,2025-05-10T20:08:52
TXN001126,ACC00139,ACC00243,22382.79,2025-05-10T20:09:22
TXN001127,ACC00152,ACC00155,370.35,2025-05-10T20:14:18
TXN001128,ACC00081,ACC00068,565.30,2025-05-10T20:29:49
TXN001129,ACC00078,ACC00221,932.51,2025-05-10T20:32:19
TXN001130,ACC00127,ACC00030,477.39,2025-05-10T20:37:15
TXN001131,ACC00019,ACC00143,470.00,2025-05-10T20:55:00
TXN001132,ACC00049,ACC00142,15369.59,2025-05-10T20:55:31
TXN001133,ACC00099,ACC00060,19623.22,2025-05-10T21:00:33
TXN001134,ACC00031,ACC00219,1195.58,2025-05-10T21:00:43
TXN001135,ACC00063,ACC00257,8384.90,2025-05-10T21:09:15
TXN001136,ACC00125,ACC00093,372.06,2025-05-10T21:09:48
TXN001137,ACC00233,ACC00278,369.08,2025-05-10T21:19:29
TXN001138,ACC00095,ACC00161,2534.02,2025-05-10T21:22:04
TXN001139,ACC00082,ACC00050,333.78,2025-05-10T21:37:03
TXN001140,ACC00162,ACC00161,1261.67,2025-05-10T21:41:06
TXN001141,ACC00051,ACC00181,5643.61,2025-05-10T22:07:27
TXN001142,ACC00288,ACC00059,20545.19,2025-05-10T22:14:56
TXN001143,ACC00247,ACC00022,336.51,2025-05-10T22:14:58
TXN001144,ACC00025,ACC00230,27404.77,2025-05-10T22:19:17
TXN001145,ACC00006,ACC00007,1993.87,2025-05-10T22:40:06
TXN001146,ACC00003,ACC00187,516.48,2025-05-10T22:50:42
TXN001147,ACC00224,ACC00213,22305.21,2025-05-10T22:59:56
TXN001148,ACC00079,ACC00159,755.02,2025-05-10T23:08:51
TXN001149,ACC00151,ACC00230,6513.09,2025-05-10T23:26:10
TXN001150,ACC00086,ACC00026,767.74,2025-05-10T23:26:30
TXN001151,ACC00051,ACC00230,25896.77,2025-05-10T23:34:54
TXN001152,ACC00077,ACC00278,320.86,2025-05-10T23:43:39
TXN001153,ACC00129,ACC00195,2192.40,2025-05-11T00:02:54
TXN001154,ACC00234,ACC00093,439.96,2025-05-11T00:03:29
TXN001155,ACC00232,ACC00266,388.11,2025-05-11T00:07:01
TXN001156,ACC00127,ACC00138,390.05,2025-05-11T00:33:06
TXN001157,ACC00174,ACC00127,803.87,2025-05-11T00:36:11
TXN001158,ACC00168,ACC00138,777.49,2025-05-11T00:40:37
TXN001159,ACC00202,ACC00138,618.77,2025-05-11T00:42:42
TXN001160,ACC00023,ACC00142,17851.20,2025-05-11T00:46:50
TXN001161,ACC00192,ACC00224,660.80,2025-05-11T00:48:59
TXN001162,ACC00067,ACC00170,14837.33,2025-05-11T00:54:19
TXN001163,ACC00081,ACC00250,22887.28,2025-05-11T00:57:46
TXN001164,ACC00272,ACC00170,18462.88,2025-05-11T01:01:54
TXN001165,ACC00233,ACC00219,1559.00,2025-05-11T01:13:03
TXN001166,ACC00216,ACC00237,546.72,2025-05-11T01:17:05
TXN001167,ACC00049,ACC00080,630.58,2025-05-11T01:31:33
TXN001168,ACC00116,ACC00221,1678.97,2025-05-11T01:32:19
TXN001169,ACC00034,ACC00004,1428.93,2025-05-11T02:01:00
TXN001170,ACC00079,ACC00243,10993.43,2025-05-11T02:06:05
TXN001171,ACC00061,ACC00004,606.40,2025-05-11T02:11:00
TXN001172,ACC00254,ACC00059,5163.61,2025-05-11T02:20:56
TXN001173,ACC00123,ACC00181,6426.54,2025-05-11T02:23:35
TXN001174,ACC00041,ACC00198,1009.08,2025-05-11T02:30:02
TXN001175,ACC00039,ACC00184,2619.21,2025-05-11T02:31:38
TXN001176,ACC00152,ACC00173,409.57,2025-05-11T02:36:40
TXN001177,ACC00268,ACC00039,184.74,2025-05-11T02:38:41
TXN001178,ACC00255,ACC00004,496.92,2025-05-11T02:49:00
TXN001179,ACC00139,ACC00026,1351.55,2025-05-11T02:50:04
TXN001180,ACC00251,ACC00181,4710.07,2025-05-11T02:55:16
TXN001181,ACC00185,ACC00170,38286.76,2025-05-11T03:09:17
TXN001182,ACC00241,ACC00099,625.42,2025-05-11T03:15:53
TXN001183,ACC00153,ACC00143,299.01,2025-05-11T03:29:00
TXN001184,ACC00264,ACC00278,1099.97,2025-05-11T03:39:06
TXN001185,ACC00122,ACC00089,13783.23,2025-05-11T03:41:06
TXN001186,ACC00020,ACC00184,2627.88,2025-05-11T03:47:06
TXN001187,ACC00196,ACC00143,2193.27,2025-05-11T03:48:00
TXN001188,ACC00273,ACC00089,11306.89,2025-05-11T03:49:57
TXN001189,ACC00146,ACC00224,1746.81,2025-05-11T04:03:31
TXN001190,ACC00003,ACC00125,3609.04,2025-05-11T04:05:23
TXN001191,ACC00255,ACC00187,1456.17,2025-05-11T04:40:51
TXN001192,ACC00177,ACC00142,11693.40,2025-05-11T04:59:18
TXN001193,ACC00253,ACC00050,4516.92,2025-05-11T05:11:49
TXN001194,ACC00147,ACC00021,4365.84,2025-05-11T05:42:23
TXN001195,ACC00078,ACC00076,892.96,2025-05-11T05:53:41
TXN001196,ACC00256,ACC00089,14250.03,2025-05-11T05:55:18
TXN001197,ACC00270,ACC00213,7201.17,2025-05-11T06:26:11
TXN001198,ACC00079,ACC00159,1135.69,2025-05-11T06:34:42
TXN001199,ACC00015,ACC00089,16184.98,2025-05-11T06:41:11
TXN001200,ACC00277,ACC00170,18486.01,2025-05-11T06:48:52
TXN001201,ACC00251,ACC00068,1235.90,2025-05-11T07:37:24
TXN001202,ACC00238,ACC00050,2188.60,2025-05-11T12:50:54
TXN001203,ACC00036,ACC00219,1031.55,2025-05-11T14:48:22
TXN001204,ACC00172,ACC00192,466.35,2025-05-11T14:51:36
TXN001205,ACC00188,ACC00220,498.72,2025-05-11T14:52:07
TXN001206,ACC00218,ACC00170,12547.04,2025-05-11T15:14:15
TXN001207,ACC00282,ACC00076,1945.66,2025-05-11T15:34:12
TXN001208,ACC00101,ACC00021,5210.26,2025-05-11T16:16:49
TXN001209,ACC00130,ACC00059,15273.47,2025-05-11T16:21:44
TXN001210,ACC00246,ACC00187,307.14,2025-05-11T16:35:10
TXN001211,ACC00182,ACC00148,5489.28,2025-05-11T17:00:16
TXN001212,ACC00244,ACC00208,2021.27,2025-05-11T17:16:49
TXN001213,ACC00023,ACC00075,8662.43,2025-05-11T17:27:17
TXN001214,ACC00178,ACC00097,26381.10,2025-05-11T17:42:00
TXN001215,ACC00029,ACC00093,487.52,2025-05-11T17:42:54
TXN001216,ACC00069,ACC00111,395.41,2025-05-11T17:46:00
TXN001217,ACC00214,ACC00148,12000.00,2025-05-11T17:57:26
TXN001218,ACC00203,ACC00018,2823.80,2025-05-11T18:04:33
TXN001219,ACC00152,ACC00012,3737.77,2025-05-11T18:07:56
TXN001220,ACC00035,ACC00076,2019.77,2025-05-11T18:17:14
TXN001221,ACC00140,ACC00156,903.67,2025-05-11T18:19:11
TXN001222,ACC00039,ACC00113,39377.64,2025-05-11T18:21:55
TXN001223,ACC00030,ACC00097,13058.55,2025-05-11T18:44:20
TXN001224,ACC00190,ACC00158,4412.15,2025-05-11T18:46:57
TXN001225,ACC00039,ACC00143,3587.55,2025-05-11T18:54:00
TXN001226,ACC00003,ACC00011,2588.57,2025-05-11T18:56:10
TXN001227,ACC00021,ACC00230,7082.43,2025-05-11T19:02:00
TXN001228,ACC00228,ACC00061,4968.57,2025-05-11T19:03:25
TXN001229,ACC00087,ACC00068,438.10,2025-05-11T19:13:56
TXN001230,ACC00096,ACC00269,741.51,2025-05-11T19:20:59
TXN001231,ACC00282,ACC00230,16362.55,2025-05-11T19:22:07
TXN001232,ACC00035,ACC00257,9938.76,2025-05-11T19:28:56
TXN001233,ACC00234,ACC00034,544.53,2025-05-11T19:32:17
TXN001234,ACC00244,ACC00198,2688.81,2025-05-11T19:33:33
TXN001235,ACC00099,ACC00138,550.89,2025-05-11T19:39:54
TXN001236,ACC00009,ACC00207,40901.42,2025-05-11T19:48:22
TXN001237,ACC00185,ACC00257,17424.30,2025-05-11T19:50:36
TXN001238,ACC00107,ACC00143,1169.87,2025-05-11T19:53:00
TXN001239,ACC00204,ACC00097,21064.04,2025-05-11T19:56:31
TXN001240,ACC00285,ACC00060,11048.53,2025-05-11T19:58:13
TXN001241,ACC00158,ACC00012,2237.59,2025-05-11T20:00:22
TXN001242,ACC00092,ACC00185,2234.88,2025-05-11T20:00:35
TXN001243,ACC00156,ACC00195,1251.04,2025-05-11T20:07:05
TXN001244,ACC00066,ACC00004,935.92,2025-05-11T20:11:00
TXN001245,ACC00040,ACC00124,958.54,2025-05-11T20:12:45
TXN001246,ACC00188,ACC00089,6071.24,2025-05-11T20:20:48
TXN001247,ACC00277,ACC00118,9007.29,2025-05-11T20:23:51
TXN001248,ACC00277,ACC00284,636.43,2025-05-11T20:25:37
TXN001249,ACC00225,ACC00028,1278.82,2025-05-11T20:27:12
TXN001250,ACC00035,ACC00113,11154.05,2025-05-11T20:28:48
TXN001251,ACC00143,ACC00142,19737.64,2025-05-11T20:33:17
TXN001252,ACC00066,ACC00225,831.72,2025-05-11T20:43:20
TXN001253,ACC00050,ACC00113,9666.83,2025-05-11T20:53:00
TXN001254,ACC00109,ACC00026,2548.05,2025-05-11T20:58:23
TXN001255,ACC00140,ACC00021,1785.07,2025-05-11T21:11:15
TXN001256,ACC00079,ACC00113,1754.79,2025-05-11T21:19:00
TXN001257,ACC00186,ACC00237,1837.87,2025-05-11T21:20:31
TXN001258,ACC00247,ACC00139,503.19,2025-05-11T21:34:20
TXN001259,ACC00247,ACC00089,14782.05,2025-05-11T21:47:32
TXN001260,ACC00062,ACC00038,562.17,2025-05-11T21:51:50
TXN001261,ACC00037,ACC00221,1002.05,2025-05-11T21:55:38
TXN001262,ACC00185,ACC00207,16078.51,2025-05-11T22:46:21
TXN001263,ACC00274,ACC00261,765.08,2025-05-11T22:47:19
TXN001264,ACC00234,ACC00190,351.73,2025-05-11T23:02:05
TXN001265,ACC00177,ACC00222,1771.42,2025-05-11T23:31:15
TXN001266,ACC00004,ACC00050,1136.48,2025-05-11T23:38:06
TXN001267,ACC00132,ACC00170,20694.72,2025-05-11T23:43:19
TXN001268,ACC00231,ACC00222,724.88,2025-05-11T23:46:14
TXN001269,ACC00110,ACC00230,5330.71,2025-05-12T00:08:00
TXN001270,ACC00288,ACC00148,2452.16,2025-05-12T00:23:55
TXN001271,ACC00122,ACC00187,2263.77,2025-05-12T00:27:04
TXN001272,ACC00290,ACC00178,1464.26,2025-05-12T00:35:04
TXN001273,ACC00109,ACC00138,1341.09,2025-05-12T00:35:05
TXN001274,ACC00194,ACC00138,479.62,2025-05-12T00:40:29
TXN001275,ACC00239,ACC00093,1860.76,2025-05-12T00:46:59
TXN001276,ACC00265,ACC00030,318.24,2025-05-12T00:49:45
TXN001277,ACC00136,ACC00027,571.67,2025-05-12T00:50:50
TXN001278,ACC00154,ACC00111,552.65,2025-05-12T00:54:32
TXN001279,ACC00249,ACC00167,1809.25,2025-05-12T00:57:21
TXN001280,ACC00231,ACC00059,7568.44,2025-05-12T01:07:39
TXN001281,ACC00178,ACC00185,397.69,2025-05-12T01:45:49
TXN001282,ACC00136,ACC00187,591.27,2025-05-12T01:55:05
TXN001283,ACC00162,ACC00032,8693.21,2025-05-12T01:56:38
TXN001284,ACC00146,ACC00255,707.84,2025-05-12T02:03:09
TXN001285,ACC00108,ACC00143,564.17,2025-05-12T02:08:00
TXN001286,ACC00069,ACC00113,24769.55,2025-05-12T02:14:54
TXN001287,ACC00153,ACC00246,909.98,2025-05-12T02:18:29
TXN001288,ACC00288,ACC00214,712.66,2025-05-12T02:24:26
TXN001289,ACC00134,ACC00004,3399.06,2025-05-12T02:26:00
TXN001290,ACC00286,ACC00223,161.93,2025-05-12T02:38:36
TXN001291,ACC00056,ACC00005,442.12,2025-05-12T02:38:41
TXN001292,ACC00100,ACC00068,525.19,2025-05-12T02:42:47
TXN001293,ACC00204,ACC00278,491.02,2025-05-12T02:47:56
TXN001294,ACC00073,ACC00281,1125.07,2025-05-12T02:48:14
TXN001295,ACC00238,ACC00097,23749.33,2025-05-12T02:57:07
TXN001296,ACC00208,ACC00004,646.42,2025-05-12T03:05:00
TXN001297,ACC00208,ACC00195,918.74,2025-05-12T03:34:01
TXN001298,ACC00245,ACC00230,11733.69,2025-05-12T03:34:47
TXN001299,ACC00116,ACC00159,327.05,2025-05-12T03:38:20
TXN001300,ACC00084,ACC00276,436.16,2025-05-12T03:40:38
TXN001301,ACC00078,ACC00018,2079.86,2025-05-12T04:13:13
TXN001302,ACC00252,ACC00060,13962.31,2025-05-12T04:13:14
TXN001303,ACC00194,ACC00021,4211.10,2025-05-12T04:32:34
TXN001304,ACC00205,ACC00097,45000.00,2025-05-12T04:32:52
TXN001305,ACC00202,ACC00268,497.44,2025-05-12T04:35:55
TXN001306,ACC00084,ACC00230,8589.77,2025-05-12T04:37:55
TXN001307,ACC00203,ACC00026,1551.55,2025-05-12T04:45:05
TXN001308,ACC00244,ACC00208,351.94,2025-05-12T05:21:28
TXN001309,ACC00030,ACC00219,1339.84,2025-05-12T05:41:15
TXN001310,ACC00183,ACC00184,7491.35,2025-05-12T05:42:19
TXN001311,ACC00095,ACC00041,1525.51,2025-05-12T06:04:38
TXN001312,ACC00279,ACC00059,26418.12,2025-05-12T06:16:08
TXN001313,ACC00253,ACC00023,462.62,2025-05-12T06:29:46
TXN001314,ACC00145,ACC00148,2020.62,2025-05-12T06:31:30
TXN001315,ACC00042,ACC00055,4365.17,2025-05-12T06:48:36
TXN001316,ACC00100,ACC00162,404.86,2025-05-12T07:00:07
TXN001317,ACC00020,ACC00244,514.35,2025-05-12T07:15:39
TXN001318,ACC00263,ACC00184,2969.01,2025-05-12T07:35:54
TXN001319,ACC00288,ACC00018,1910.97,2025-05-12T08:44:35
TXN001320,ACC00133,ACC00219,820.21,2025-05-12T09:12:21
TXN001321,ACC00246,ACC00227,2079.41,2025-05-12T10:38:10
TXN001322,ACC00156,ACC00114,1098.78,2025-05-12T10:40:54
TXN001323,ACC00211,ACC00106,499.16,2025-05-12T11:50:17
TXN001324,ACC00116,ACC00089,19395.36,2025-05-12T12:32:39
TXN001325,ACC00051,ACC00076,2207.21,2025-05-12T12:58:37
TXN001326,ACC00199,ACC00260,1241.91,2025-05-12T14:04:03
TXN001327,ACC00163,ACC00076,379.46,2025-05-12T14:48:00
TXN001328,ACC00009,ACC00148,5320.89,2025-05-12T15:00:09
TXN001329,ACC00108,ACC00131,198.69,2025-05-12T15:37:02
TXN001330,ACC00143,ACC00076,1111.45,2025-05-12T16:00:20
TXN001331,ACC00030,ACC00284,327.03,2025-05-12T16:13:46
TXN001332,ACC00220,ACC00117,640.14,2025-05-12T16:17:09
TXN001333,ACC00131,ACC00148,2378.58,2025-05-12T16:18:10
TXN001334,ACC00130,ACC00060,45000.00,2025-05-12T16:19:00
TXN001335,ACC00096,ACC00059,37340.40,2025-05-12T16:34:17
TXN001336,ACC00174,ACC00021,2810.56,2025-05-12T16:46:33
TXN001337,ACC00202,ACC00184,2223.13,2025-05-12T17:23:52
TXN001338,ACC00022,ACC00285,948.57,2025-05-12T17:26:02
TXN001339,ACC00287,ACC00113,6958.82,2025-05-12T17:28:46
TXN001340,ACC00127,ACC00284,887.75,2025-05-12T17:34:01
TXN001341,ACC00154,ACC00012,2147.25,2025-05-12T17:38:04
TXN001342,ACC00274,ACC00261,1575.44,2025-05-12T17:57:20
TXN001343,ACC00271,ACC00230,45064.32,2025-05-12T18:05:01
TXN001344,ACC00282,ACC00138,765.62,2025-05-12T18:15:02
TXN001345,ACC00035,ACC00266,971.83,2025-05-12T18:21:16
TXN001346,ACC00061,ACC00118,22639.86,2025-05-12T18:25:41
TXN001347,ACC00223,ACC00184,1522.78,2025-05-12T18:28:44
TXN001348,ACC00283,ACC00222,1771.11,2025-05-12T18:39:18
TXN001349,ACC00010,ACC00143,1292.22,2025-05-12T18:41:00
TXN001350,ACC00009,ACC00221,1557.25,2025-05-12T18:41:12
TXN001351,ACC00200,ACC00221,1072.57,2025-05-12T18:41:58
TXN001352,ACC00062,ACC00068,1233.61,2025-05-12T18:42:51
TXN001353,ACC00246,ACC00004,1239.24,2025-05-12T18:52:00
TXN001354,ACC00197,ACC00006,270.45,2025-05-12T19:06:04
TXN001355,ACC00092,ACC00213,13246.81,2025-05-12T19:06:20
TXN001356,ACC00273,ACC00242,446.16,2025-05-12T19:07:41
TXN001357,ACC00202,ACC00187,660.12,2025-05-12T19:13:59
TXN001358,ACC00136,ACC00097,8137.51,2025-05-12T19:15:10
TXN001359,ACC00264,ACC00230,30005.78,2025-05-12T19:30:02
TXN001360,ACC00174,ACC00257,24152.53,2025-05-12T19:50:50
TXN001361,ACC00116,ACC00089,7844.01,2025-05-12T19:55:10
TXN001362,ACC00109,ACC00173,229.45,2025-05-12T20:08:10
TXN001363,ACC00044,ACC00237,657.23,2025-05-12T20:14:38
TXN001364,ACC00139,ACC00104,828.67,2025-05-12T20:18:13
TXN001365,ACC00263,ACC00184,1212.71,2025-05-12T20:22:52
TXN001366,ACC00209,ACC00082,1418.28,2025-05-12T20:24:00
TXN001367,ACC00282,ACC00219,600.72,2025-05-12T20:39:30
TXN001368,ACC00082,ACC00077,5454.45,2025-05-12T20:41:00
TXN001369,ACC00029,ACC00060,13659.50,2025-05-12T20:44:07
TXN001370,ACC00028,ACC00170,9542.88,2025-05-12T20:48:40
TXN001371,ACC00116,ACC00243,3996.41,2025-05-12T21:01:36
TXN001372,ACC00062,ACC00026,1936.04,2025-05-12T21:01:51
TXN001373,ACC00151,ACC00021,2245.83,2025-05-12T21:03:15
TXN001374,ACC00071,ACC00250,11576.18,2025-05-12T21:07:50
TXN001375,ACC00183,ACC00269,543.93,2025-05-12T21:11:01
TXN001376,ACC00180,ACC00181,5720.09,2025-05-12T21:11:22
TXN001377,ACC00033,ACC00026,640.29,2025-05-12T21:16:54
TXN001378,ACC00176,ACC00278,538.51,2025-05-12T21:17:11
TXN001379,ACC00086,ACC00097,15303.73,2025-05-12T21:24:20
TXN001380,ACC00140,ACC00018,5145.10,2025-05-12T21:35:46
TXN001381,ACC00029,ACC00161,2096.31,2025-05-12T21:43:09
TXN001382,ACC00100,ACC00168,956.67,2025-05-12T21:51:18
TXN001383,ACC00041,ACC00219,791.08,2025-05-12T22:08:38
TXN001384,ACC00160,ACC00050,4468.09,2025-05-12T22:15:03
TXN001385,ACC00244,ACC00020,794.51,2025-05-12T22:21:39
TXN001386,ACC00241,ACC00142,8918.10,2025-05-12T22:27:35
TXN001387,ACC00203,ACC00138,2352.31,2025-05-12T22:37:08
TXN001388,ACC00028,ACC00076,1162.17,2025-05-12T22:39:05
TXN001389,ACC00196,ACC00113,9079.01,2025-05-12T22:49:44
TXN001390,ACC00128,ACC00262,678.08,2025-05-12T23:00:30
TXN001391,ACC00006,ACC00151,5013.34,2025-05-12T23:03:08
TXN001392,ACC00056,ACC00097,5334.12,2025-05-12T23:04:44
TXN001393,ACC00140,ACC00059,11070.94,2025-05-12T23:05:46
TXN001394,ACC00123,ACC00080,457.75,2025-05-12T23:08:36
TXN001395,ACC00006,ACC00092,333.22,2025-05-12T23:18:27
TXN001396,ACC00109,ACC00015,411.83,2025-05-12T23:24:26
TXN001397,ACC00147,ACC00068,2059.73,2025-05-12T23:39:24
TXN001398,ACC00265,ACC00148,4301.08,2025-05-12T23:49:47
TXN001399,ACC00279,ACC00266,836.25,2025-05-13T00:02:39
TXN001400,ACC00065,ACC00195,3559.19,2025-05-13T00:26:21
TXN001401,ACC00033,ACC00056,2298.42,2025-05-13T00:28:16
TXN001402,ACC00038,ACC00207,4812.31,2025-05-13T00:28:40
TXN001403,ACC00271,ACC00230,55000.00,2025-05-13T00:43:39
TXN001404,ACC00114,ACC00187,260.12,2025-05-13T00:48:42
TXN001405,ACC00157,ACC00239,1624.15,2025-05-13T00:49:59
TXN001406,ACC00194,ACC00269,1588.13,2025-05-13T00:54:06
TXN001407,ACC00094,ACC00093,1797.64,2025-05-13T00:58:25
TXN001408,ACC00254,ACC00221,1027.89,2025-05-13T01:04:29
TXN001409,ACC00179,ACC00227,3791.81,2025-05-13T01:23:39
TXN001410,ACC00034,ACC00281,502.45,2025-05-13T01:26:09
TXN001411,ACC00071,ACC00142,30500.54,2025-05-13T01:30:12
TXN001412,ACC00226,ACC00161,3087.14,2025-05-13T01:32:35
TXN001413,ACC00285,ACC00032,8213.47,2025-05-13T01:44:30
TXN001414,ACC00252,ACC00109,588.17,2025-05-13T01:46:30
TXN001415,ACC00271,ACC00035,1179.42,2025-05-13T01:58:45
TXN001416,ACC00251,ACC00004,1185.59,2025-05-13T02:04:00
TXN001417,ACC00105,ACC00143,270.27,2025-05-13T02:07:00
TXN001418,ACC00262,ACC00155,297.81,2025-05-13T02:08:29
TXN001419,ACC00182,ACC00184,2008.26,2025-05-13T02:10:51
TXN001420,ACC00077,ACC00111,349.40,2025-05-13T02:15:22
TXN001421,ACC00098,ACC00184,1896.42,2025-05-13T02:16:04
TXN001422,ACC00011,ACC00004,957.12,2025-05-13T02:20:00
TXN001423,ACC00271,ACC00124,510.10,2025-05-13T02:27:09
TXN001424,ACC00202,ACC00068,465.61,2025-05-13T02:30:14
TXN001425,ACC00100,ACC00142,25809.53,2025-05-13T02:36:35
TXN001426,ACC00051,ACC00198,4465.10,2025-05-13T02:38:18
TXN001427,ACC00095,ACC00181,3546.37,2025-05-13T02:41:11
TXN001428,ACC00106,ACC00138,828.42,2025-05-13T02:44:37
TXN001429,ACC00236,ACC00278,751.53,2025-05-13T02:48:47
TXN001430,ACC00177,ACC00118,12481.15,2025-05-13T02:48:59
TXN001431,ACC00232,ACC00143,435.08,2025-05-13T02:51:00
TXN001432,ACC00047,ACC00237,618.68,2025-05-13T02:51:43
TXN001433,ACC00208,ACC00230,11899.23,2025-05-13T02:54:12
TXN001434,ACC00247,ACC00184,3905.73,2025-05-13T02:57:09
TXN001435,ACC00029,ACC00181,2669.14,2025-05-13T02:57:48
TXN001436,ACC00031,ACC00213,20616.40,2025-05-13T03:13:59
TXN001437,ACC00218,ACC00089,5437.05,2025-05-13T03:24:40
TXN001438,ACC00105,ACC00227,1803.27,2025-05-13T03:44:01
TXN001439,ACC00109,ACC00015,2243.88,2025-05-13T03:47:04
TXN001440,ACC00035,ACC00227,1220.41,2025-05-13T04:03:08
TXN001441,ACC00182,ACC00195,3896.43,2025-05-13T04:10:53
TXN001442,ACC00209,ACC00187,272.05,2025-05-13T04:23:07
TXN001443,ACC00027,ACC00026,1525.23,2025-05-13T04:26:25
TXN001444,ACC00049,ACC00041,845.16,2025-05-13T04:26:26
TXN001445,ACC00071,ACC00081,724.55,2025-05-13T04:26:48
TXN001446,ACC00125,ACC00111,349.88,2025-05-13T04:39:03
TXN001447,ACC00109,ACC00250,16208.28,2025-05-13T04:39:03
TXN001448,ACC00179,ACC00059,9502.03,2025-05-13T04:48:37
TXN001449,ACC00235,ACC00091,505.95,2025-05-13T04:52:54
TXN001450,ACC00185,ACC00245,2430.40,2025-05-13T04:56:15
TXN001451,ACC00049,ACC00018,1143.80,2025-05-13T05:09:00
TXN001452,ACC00211,ACC00170,6353.18,2025-05-13T05:19:29
TXN001453,ACC00055,ACC00222,995.58,2025-05-13T05:49:49
TXN001454,ACC00276,ACC00026,1234.61,2025-05-13T05:59:39
TXN001455,ACC00129,ACC00243,15395.10,2025-05-13T06:07:29
TXN001456,ACC00197,ACC00230,9201.52,2025-05-13T06:07:53
TXN001457,ACC00188,ACC00075,8038.89,2025-05-13T06:19:10
TXN001458,ACC00004,ACC00024,301.02,2025-05-13T06:28:51
TXN001459,ACC00095,ACC00026,1954.38,2025-05-13T07:24:52
TXN001460,ACC00124,ACC00019,1857.25,2025-05-13T07:40:34
TXN001461,ACC00029,ACC00050,3876.93,2025-05-13T07:44:24
TXN001462,ACC00206,ACC00219,558.44,2025-05-13T11:27:02
TXN001463,ACC00288,ACC00159,1228.57,2025-05-13T12:44:58
TXN001464,ACC00216,ACC00148,2518.49,2025-05-13T13:56:57
TXN001465,ACC00208,ACC00089,25685.72,2025-05-13T15:14:05
TXN001466,ACC00258,ACC00161,6000.00,2025-05-13T15:38:43
TXN001467,ACC00277,ACC00142,45173.79,2025-05-13T16:19:47
TXN001468,ACC00231,ACC00230,12707.22,2025-05-13T16:43:58
TXN001469,ACC00101,ACC00080,1098.95,2025-05-13T17:00:19
TXN001470,ACC00177,ACC00203,547.31,2025-05-13T17:28:34
TXN001471,ACC00261,ACC00269,713.25,2025-05-13T17:36:12
TXN001472,ACC00087,ACC00184,3515.60,2025-05-13T17:55:08
TXN001473,ACC00228,ACC00142,14976.34,2025-05-13T18:10:44
TXN001474,ACC00101,ACC00257,16858.64,2025-05-13T18:42:54
TXN001475,ACC00253,ACC00089,12601.10,2025-05-13T18:43:10
TXN001476,ACC00214,ACC00288,2684.56,2025-05-13T18:43:31
TXN001477,ACC00082,ACC00143,386.87,2025-05-13T18:48:00
TXN001478,ACC00164,ACC00143,700.66,2025-05-13T18:50:00
TXN001479,ACC00020,ACC00244,403.83,2025-05-13T18:56:24
TXN001480,ACC00285,ACC00142,20732.45,2025-05-13T19:11:59
TXN001481,ACC00165,ACC00004,305.48,2025-05-13T19:21:00
TXN001482,ACC00107,ACC00230,2588.70,2025-05-13T20:01:00
TXN001483,ACC00149,ACC00004,4132.68,2025-05-13T20:02:00
TXN001484,ACC00131,ACC00230,11767.44,2025-05-13T20:06:30
TXN001485,ACC00086,ACC00143,1306.11,2025-05-13T20:08:07
TXN001486,ACC00258,ACC00250,12000.61,2025-05-13T20:11:04
TXN001487,ACC00131,ACC00004,704.81,2025-05-13T20:26:00
TXN001488,ACC00020,ACC00032,10946.93,2025-05-13T20:33:20
TXN001489,ACC00099,ACC00187,726.35,2025-05-13T20:41:33
TXN001490,ACC00258,ACC00148,4839.50,2025-05-13T20:43:45
TXN001491,ACC00289,ACC00059,29141.93,2025-05-13T20:45:56
TXN001492,ACC00064,ACC00143,1917.24,2025-05-13T20:49:00
TXN001493,ACC00210,ACC00161,1221.33,2025-05-13T21:05:18
TXN001494,ACC00039,ACC00269,2057.88,2025-05-13T21:09:11
TXN001495,ACC00290,ACC00227,2691.83,2025-05-13T21:11:34
TXN001496,ACC00088,ACC00118,33572.31,2025-05-13T21:48:59
TXN001497,ACC00122,ACC00059,15326.70,2025-05-13T21:56:23
TXN001498,ACC00065,ACC00256,247.34,2025-05-13T22:15:09
TXN001499,ACC00105,ACC00230,13542.92,2025-05-13T22:22:49
TXN001500,ACC00273,ACC00066,2941.48,2025-05-13T22:23:52
TXN001501,ACC00002,ACC00097,15060.32,2025-05-13T22:24:56
TXN001502,ACC00116,ACC00230,14863.67,2025-05-13T22:39:38
TXN001503,ACC00223,ACC00118,25051.02,2025-05-13T22:43:49
TXN001504,ACC00271,ACC00026,695.51,2025-05-13T22:55:32
TXN001505,ACC00233,ACC00142,22360.81,2025-05-13T22:57:41
TXN001506,ACC00200,ACC00222,507.51,2025-05-13T22:58:09
TXN001507,ACC00200,ACC00097,45000.00,2025-05-13T23:04:58
TXN001508,ACC00003,ACC00230,16447.83,2025-05-13T23:10:53
TXN001509,ACC00191,ACC00222,1425.72,2025-05-13T23:26:48
TXN001510,ACC00121,ACC00031,597.35,2025-05-13T23:31:28
TXN001511,ACC00162,ACC00257,29331.82,2025-05-13T23:33:43
TXN001512,ACC00081,ACC00159,592.02,2025-05-13T23:44:06
TXN001513,ACC00283,ACC00111,793.74,2025-05-13T23:50:52
TXN001514,ACC00194,ACC00075,13067.76,2025-05-13T23:55:15
TXN001515,ACC00140,ACC00113,3448.92,2025-05-14T00:13:00
TXN001516,ACC00233,ACC00076,1035.57,2025-05-14T00:13:52
TXN001517,ACC00261,ACC00227,3051.26,2025-05-14T00:24:31
TXN001518,ACC00128,ACC00026,630.98,2025-05-14T00:27:06
TXN001519,ACC00009,ACC00227,3042.17,2025-05-14T00:30:43
TXN001520,ACC00204,ACC00012,11850.90,2025-05-14T00:44:51
TXN001521,ACC00029,ACC00250,10507.06,2025-05-14T00:57:28
TXN001522,ACC00168,ACC00230,12722.02,2025-05-14T01:41:24
TXN001523,ACC00202,ACC00173,1196.63,2025-05-14T02:14:10
TXN001524,ACC00144,ACC00250,14076.79,2025-05-14T02:15:50
TXN001525,ACC00127,ACC00118,25725.97,2025-05-14T02:20:15
TXN001526,ACC00162,ACC00288,1497.72,2025-05-14T02:26:23
TXN001527,ACC00081,ACC00198,3279.50,2025-05-14T02:41:35
TXN001528,ACC00211,ACC00175,2815.08,2025-05-14T02:42:25
TXN001529,ACC00165,ACC00060,10164.18,2025-05-14T02:48:43
TXN001530,ACC00143,ACC00281,761.65,2025-05-14T02:51:34
TXN001531,ACC00030,ACC00278,505.07,2025-05-14T03:09:01
TXN001532,ACC00009,ACC00113,44149.50,2025-05-14T03:10:00
TXN001533,ACC00177,ACC00184,1366.37,2025-05-14T03:11:54
TXN001534,ACC00282,ACC00181,4024.46,2025-05-14T03:17:21
TXN001535,ACC00228,ACC00142,12680.82,2025-05-14T03:20:28
TXN001536,ACC00099,ACC00104,1965.80,2025-05-14T03:26:21
TXN001537,ACC00245,ACC00181,3175.72,2025-05-14T03:32:18
TXN001538,ACC00279,ACC00113,19802.22,2025-05-14T03:35:30
TXN001539,ACC00134,ACC00170,36089.59,2025-05-14T03:47:50
TXN001540,ACC00037,ACC00267,577.49,2025-05-14T03:52:14
TXN001541,ACC00178,ACC00237,1471.78,2025-05-14T03:54:50
TXN001542,ACC00256,ACC00198,1821.62,2025-05-14T04:00:10
TXN001543,ACC00065,ACC00050,1599.39,2025-05-14T04:11:12
TXN001544,ACC00069,ACC00027,1442.52,2025-05-14T04:20:55
TXN001545,ACC00247,ACC00056,527.27,2025-05-14T04:34:32
TXN001546,ACC00174,ACC00222,842.55,2025-05-14T04:51:47
TXN001547,ACC00071,ACC00278,575.03,2025-05-14T04:52:04
TXN001548,ACC00235,ACC00032,46603.81,2025-05-14T05:16:39
TXN001549,ACC00035,ACC00018,3973.92,2025-05-14T05:25:06
TXN001550,ACC00285,ACC00076,622.18,2025-05-14T05:28:47
TXN001551,ACC00044,ACC00097,17032.73,2025-05-14T05:41:44
TXN001552,ACC00204,ACC00161,1125.85,2025-05-14T05:58:05
TXN001553,ACC00210,ACC00237,616.14,2025-05-14T06:03:52
TXN001554,ACC00271,ACC00161,4200.59,2025-05-14T06:23:48
TXN001555,ACC00189,ACC00080,833.74,2025-05-14T06:29:36
TXN001556,ACC00246,ACC00142,53256.27,2025-05-14T06:33:37
TXN001557,ACC00040,ACC00026,997.30,2025-05-14T06:37:00
TXN001558,ACC00071,ACC00198,3777.84,2025-05-14T06:53:04
TXN001559,ACC00185,ACC00221,1060.83,2025-05-14T07:35:26
TXN001560,ACC00167,ACC00227,3721.30,2025-05-14T09:12:51
TXN001561,ACC00146,ACC00257,16552.82,2025-05-14T10:03:32
TXN001562,ACC00107,ACC00184,2867.20,2025-05-14T10:07:27
TXN001563,ACC00020,ACC00018,1338.04,2025-05-14T10:23:02
TXN001564,ACC00036,ACC00021,1104.70,2025-05-14T10:38:19
TXN001565,ACC00135,ACC00230,12557.24,2025-05-14T14:12:59
TXN001566,ACC00064,ACC00269,789.34,2025-05-14T14:39:56
TXN001567,ACC00157,ACC00237,2022.49,2025-05-14T14:54:36
TXN001568,ACC00009,ACC00068,1037.65,2025-05-14T15:37:19
TXN001569,ACC00275,ACC00060,8965.33,2025-05-14T16:03:35
TXN001570,ACC00167,ACC00288,1740.99,2025-05-14T16:13:52
TXN001571,ACC00274,ACC00050,5829.85,2025-05-14T16:24:12
TXN001572,ACC00001,ACC00173,1627.65,2025-05-14T16:29:55
TXN001573,ACC00040,ACC00257,11347.15,2025-05-14T16:41:42
TXN001574,ACC00239,ACC00060,24085.07,2025-05-14T16:41:54
TXN001575,ACC00192,ACC00060,10186.42,2025-05-14T16:42:16
TXN001576,ACC00005,ACC00266,368.19,2025-05-14T16:45:26
TXN001577,ACC00260,ACC00075,23803.39,2025-05-14T17:00:10
TXN001578,ACC00011,ACC00219,643.33,2025-05-14T17:18:32
TXN001579,ACC00121,ACC00207,42121.14,2025-05-14T17:20:39
TXN001580,ACC00007,ACC00060,12910.55,2025-05-14T17:29:02
TXN001581,ACC00086,ACC00278,2173.01,2025-05-14T17:29:04
TXN001582,ACC00103,ACC00184,5414.64,2025-05-14T17:35:05
TXN001583,ACC00069,ACC00243,20908.06,2025-05-14T17:38:36
TXN001584,ACC00144,ACC00237,2155.53,2025-05-14T17:47:56
TXN001585,ACC00024,ACC00257,14441.70,2025-05-14T17:51:58
TXN001586,ACC00288,ACC00278,1178.69,2025-05-14T17:53:52
TXN001587,ACC00216,ACC00155,1575.44,2025-05-14T18:07:02
TXN001588,ACC00108,ACC00155,813.79,2025-05-14T18:07:21
TXN001589,ACC00214,ACC00288,2583.12,2025-05-14T18:07:55
TXN001590,ACC00064,ACC00004,709.13,2025-05-14T18:12:00
TXN001591,ACC00024,ACC00143,783.16,2025-05-14T18:12:00
TXN001592,ACC00263,ACC00076,1218.43,2025-05-14T18:14:04
TXN001593,ACC00010,ACC00181,5073.66,2025-05-14T18:22:41
TXN001594,ACC00246,ACC00184,7954.66,2025-05-14T18:25:54
TXN001595,ACC00274,ACC00237,675.98,2025-05-14T18:27:34
TXN001596,ACC00040,ACC00032,27171.65,2025-05-14T18:37:21
TXN001597,ACC00042,ACC00207,23384.12,2025-05-14T18:48:44
TXN001598,ACC00094,ACC00004,904.83,2025-05-14T19:00:00
TXN001599,ACC00047,ACC00076,362.34,2025-05-14T19:03:17
TXN001600,ACC00066,ACC00047,757.93,2025-05-14T19:11:36
TXN001601,ACC00077,ACC00118,16818.72,2025-05-14T19:28:37
TXN001602,ACC00040,ACC00279,760.82,2025-05-14T19:28:46
TXN001603,ACC00244,ACC00050,2407.89,2025-05-14T19:32:12
TXN001604,ACC00196,ACC00105,921.47,2025-05-14T19:48:41
TXN001605,ACC00189,ACC00159,1534.52,2025-05-14T19:51:05
TXN001606,ACC00043,ACC00068,977.29,2025-05-14T20:08:57
TXN001607,ACC00023,ACC00101,1308.85,2025-05-14T20:28:02
TXN001608,ACC00168,ACC00278,702.86,2025-05-14T20:40:44
TXN001609,ACC00256,ACC00123,2589.10,2025-05-14T21:03:16
TXN001610,ACC00037,ACC00012,8822.00,2025-05-14T21:03:19
TXN001611,ACC00037,ACC00118,36617.18,2025-05-14T21:05:04
TXN001612,ACC00253,ACC00023,585.12,2025-05-14T21:06:01
TXN001613,ACC00074,ACC00207,20552.29,2025-05-14T21:06:19
TXN001614,ACC00174,ACC00249,856.61,2025-05-14T21:12:33
TXN001615,ACC00130,ACC00244,595.39,2025-05-14T21:15:05
TXN001616,ACC00127,ACC00138,669.29,2025-05-14T21:15:46
TXN001617,ACC00042,ACC00069,220.06,2025-05-14T21:29:17
TXN001618,ACC00114,ACC00113,20222.82,2025-05-14T21:31:34
TXN001619,ACC00193,ACC00097,2503.98,2025-05-14T21:46:38
TXN001620,ACC00196,ACC00097,12910.80,2025-05-14T21:54:28
TXN001621,ACC00225,ACC00082,1064.30,2025-05-14T22:05:00
TXN001622,ACC00052,ACC00060,12009.61,2025-05-14T22:32:27
TXN001623,ACC00133,ACC00032,9099.13,2025-05-14T22:34:49
TXN001624,ACC00004,ACC00026,675.90,2025-05-14T22:35:09
TXN001625,ACC00224,ACC00175,463.86,2025-05-14T22:40:50
TXN001626,ACC00001,ACC00097,11412.82,2025-05-14T22:57:10
TXN001627,ACC00143,ACC00032,1950.84,2025-05-14T23:13:00
TXN001628,ACC00119,ACC00173,434.80,2025-05-14T23:17:44
TXN001629,ACC00040,ACC00118,23541.62,2025-05-14T23:22:31
TXN001630,ACC00108,ACC00075,5814.67,2025-05-14T23:33:26
TXN001631,ACC00235,ACC00187,337.83,2025-05-14T23:38:28
TXN001632,ACC00251,ACC00080,670.47,2025-05-14T23:43:19
TXN001633,ACC00066,ACC00278,1803.81,2025-05-14T23:46:05
TXN001634,ACC00236,ACC00175,354.48,2025-05-14T23:59:58
TXN001635,ACC00158,ACC00093,1053.19,2025-05-15T00:06:13
TXN001636,ACC00100,ACC00075,23590.55,2025-05-15T00:07:44
TXN001637,ACC00242,ACC00269,1470.87,2025-05-15T00:11:40
TXN001638,ACC00009,ACC00135,841.40,2025-05-15T00:33:18
TXN001639,ACC00121,ACC00155,872.92,2025-05-15T00:34:44
TXN001640,ACC00205,ACC00113,18519.69,2025-05-15T00:58:58
TXN001641,ACC00264,ACC00250,12996.53,2025-05-15T01:00:10
TXN001642,ACC00254,ACC00050,4008.99,2025-05-15T01:02:15
TXN001643,ACC00283,ACC00033,234.71,2025-05-15T01:05:46
TXN001644,ACC00004,ACC00012,3366.19,2025-05-15T01:17:00
TXN001645,ACC00147,ACC00089,9164.15,2025-05-15T01:28:03
TXN001646,ACC00233,ACC00237,500.62,2025-05-15T01:32:50
TXN001647,ACC00236,ACC00031,421.71,2025-05-15T01:34:00
TXN001648,ACC00255,ACC00113,28210.46,2025-05-15T01:35:52
TXN001649,ACC00154,ACC00229,707.52,2025-05-15T01:42:54
TXN001650,ACC00062,ACC00038,422.72,2025-05-15T01:44:51
TXN001651,ACC00128,ACC00113,12269.02,2025-05-15T01:45:52
TXN001652,ACC00009,ACC00170,18341.93,2025-05-15T02:26:42
TXN001653,ACC00081,ACC00181,4789.16,2025-05-15T02:29:25
TXN001654,ACC00200,ACC00216,291.30,2025-05-15T02:42:59
TXN001655,ACC00253,ACC00187,1709.59,2025-05-15T02:45:36
TXN001656,ACC00194,ACC00254,303.38,2025-05-15T02:47:56
TXN001657,ACC00145,ACC00076,755.56,2025-05-15T02:50:05
TXN001658,ACC00083,ACC00227,850.31,2025-05-15T02:51:09
TXN001659,ACC00268,ACC00198,1649.65,2025-05-15T02:57:18
TXN001660,ACC00231,ACC00155,1115.17,2025-05-15T03:02:42
TXN001661,ACC00255,ACC00266,716.19,2025-05-15T03:14:55
TXN001662,ACC00149,ACC00142,47278.57,2025-05-15T03:16:07
TXN001663,ACC00156,ACC00173,338.92,2025-05-15T03:22:30
TXN001664,ACC00062,ACC00155,1516.96,2025-05-15T03:25:54
TXN001665,ACC00268,ACC00004,1806.37,2025-05-15T03:34:00
TXN001666,ACC00041,ACC00095,601.87,2025-05-15T03:39:01
TXN001667,ACC00262,ACC00181,8365.01,2025-05-15T03:39:04
TXN001668,ACC00037,ACC00207,18102.78,2025-05-15T03:45:15
TXN001669,ACC00235,ACC00143,1323.64,2025-05-15T03:48:00
TXN001670,ACC00162,ACC00266,653.08,2025-05-15T03:53:27
TXN001671,ACC00247,ACC00139,2169.30,2025-05-15T03:56:19
TXN001672,ACC00282,ACC00143,1710.57,2025-05-15T03:57:00
TXN001673,ACC00056,ACC00193,396.85,2025-05-15T04:04:30
TXN001674,ACC00154,ACC00266,865.40,2025-05-15T04:14:18
TXN001675,ACC00025,ACC00232,967.90,2025-05-15T04:18:04
TXN001676,ACC00092,ACC00160,315.20,2025-05-15T04:29:16
TXN001677,ACC00033,ACC00243,14474.07,2025-05-15T04:42:05
TXN001678,ACC00272,ACC00152,300.55,2025-05-15T04:49:11
TXN001679,ACC00146,ACC00175,1979.53,2025-05-15T04:49:36
TXN001680,ACC00029,ACC00026,661.81,2025-05-15T05:24:04
TXN001681,ACC00267,ACC00097,9275.24,2025-05-15T05:25:47
TXN001682,ACC00289,ACC00181,3174.97,2025-05-15T05:43:18
TXN001683,ACC00177,ACC00131,197.29,2025-05-15T06:17:03
TXN001684,ACC00232,ACC00111,583.13,2025-05-15T06:18:47
TXN001685,ACC00078,ACC00113,45570.14,2025-05-15T06:38:42
TXN001686,ACC00030,ACC00198,3174.74,2025-05-15T06:59:43
TXN001687,ACC00192,ACC00227,2338.10,2025-05-15T07:43:19
TXN001688,ACC00061,ACC00222,636.45,2025-05-15T12:20:19
TXN001689,ACC00204,ACC00012,1733.65,2025-05-15T13:19:14
TXN001690,ACC00127,ACC00227,1541.54,2025-05-15T13:28:32
TXN001691,ACC00129,ACC00238,647.40,2025-05-15T13:33:20
TXN001692,ACC00108,ACC00144,1242.85,2025-05-15T14:35:00
TXN001693,ACC00092,ACC00198,2972.52,2025-05-15T15:10:42
TXN001694,ACC00119,ACC00222,1030.03,2025-05-15T16:08:39
TXN001695,ACC00205,ACC00250,9883.04,2025-05-15T16:25:22
TXN001696,ACC00128,ACC00026,722.62,2025-05-15T16:41:15
TXN001697,ACC00137,ACC00208,692.36,2025-05-15T16:56:15
TXN001698,ACC00189,ACC00018,1038.63,2025-05-15T16:56:21
TXN001699,ACC00182,ACC00181,1953.07,2025-05-15T17:02:14
TXN001700,ACC00003,ACC00175,650.75,2025-05-15T17:05:22
TXN001701,ACC00209,ACC00018,12000.00,2025-05-15T17:13:30
TXN001702,ACC00239,ACC00243,38192.61,2025-05-15T17:14:44
TXN001703,ACC00047,ACC00066,474.15,2025-05-15T17:20:07
TXN001704,ACC00002,ACC00250,45000.00,2025-05-15T17:39:10
TXN001705,ACC00007,ACC00250,15793.69,2025-05-15T17:58:39
TXN001706,ACC00188,ACC00220,703.05,2025-05-15T18:04:11
TXN001707,ACC00073,ACC00128,108.26,2025-05-15T18:04:57
TXN001708,ACC00277,ACC00170,7108.48,2025-05-15T18:19:49
TXN001709,ACC00185,ACC00266,1933.63,2025-05-15T18:29:48
TXN001710,ACC00267,ACC00111,321.99,2025-05-15T18:37:42
TXN001711,ACC00095,ACC00041,304.92,2025-05-15T18:50:04
TXN001712,ACC00062,ACC00159,2283.98,2025-05-15T18:50:26
TXN001713,ACC00133,ACC00278,361.92,2025-05-15T18:53:50
TXN001714,ACC00249,ACC00174,1575.64,2025-05-15T19:02:35
TXN001715,ACC00138,ACC00113,4295.05,2025-05-15T19:11:00
TXN001716,ACC00010,ACC00175,2094.45,2025-05-15T19:12:21
TXN001717,ACC00244,ACC00159,3000.00,2025-05-15T19:14:39
TXN001718,ACC00095,ACC00018,5950.67,2025-05-15T19:19:32
TXN001719,ACC00234,ACC00002,627.70,2025-05-15T19:39:51
TXN001720,ACC00128,ACC00148,10039.74,2025-05-15T19:40:11
TXN001721,ACC00165,ACC00060,13288.93,2025-05-15T19:41:23
TXN001722,ACC00090,ACC00032,23455.83,2025-05-15T19:42:46
TXN001723,ACC00046,ACC00143,200.00,2025-05-15T19:46:00
TXN001724,ACC00257,ACC00230,5786.40,2025-05-15T19:55:00
TXN001725,ACC00212,ACC00004,931.58,2025-05-15T19:59:00
TXN001726,ACC00254,ACC00068,1106.73,2025-05-15T20:02:55
TXN001727,ACC00083,ACC00175,829.46,2025-05-15T20:08:15
TXN001728,ACC00129,ACC00004,597.95,2025-05-15T20:09:00
TXN001729,ACC00189,ACC00097,18408.68,2025-05-15T20:18:49
TXN001730,ACC00216,ACC00195,2702.74,2025-05-15T20:25:02
TXN001731,ACC00200,ACC00113,4394.37,2025-05-15T20:30:00
TXN001732,ACC00005,ACC00181,3431.02,2025-05-15T20:33:04
TXN001733,ACC00150,ACC00235,80.21,2025-05-15T20:42:15
TXN001734,ACC00238,ACC00230,1941.60,2025-05-15T20:45:00
TXN001735,ACC00100,ACC00059,12755.93,2025-05-15T21:22:53
TXN001736,ACC00008,ACC00257,10905.27,2025-05-15T21:31:01
TXN001737,ACC00005,ACC00093,1029.14,2025-05-15T21:32:22
TXN001738,ACC00192,ACC00184,3740.06,2025-05-15T21:47:44
TXN001739,ACC00054,ACC00159,878.99,2025-05-15T21:53:57
TXN001740,ACC00272,ACC00230,14764.03,2025-05-15T21:57:06
TXN001741,ACC00239,ACC00219,332.13,2025-05-15T22:01:21
TXN001742,ACC00199,ACC00284,768.01,2025-05-15T22:03:20
TXN001743,ACC00211,ACC00278,1123.91,2025-05-15T22:18:53
TXN001744,ACC00071,ACC00012,6057.52,2025-05-15T22:26:29
TXN001745,ACC00022,ACC00060,8892.22,2025-05-15T22:50:54
TXN001746,ACC00039,ACC00181,6938.08,2025-05-15T22:53:13
TXN001747,ACC00028,ACC00032,21310.84,2025-05-15T23:03:28
TXN001748,ACC00273,ACC00284,1347.28,2025-05-15T23:16:56
TXN001749,ACC00029,ACC00161,3077.58,2025-05-15T23:18:13
TXN001750,ACC00201,ACC00075,21395.27,2025-05-15T23:30:18
TXN001751,ACC00214,ACC00230,26899.85,2025-05-15T23:31:44
TXN001752,ACC00037,ACC00195,1804.76,2025-05-15T23:32:09
TXN001753,ACC00088,ACC00012,4330.15,2025-05-15T23:33:57
TXN001754,ACC00234,ACC00093,811.58,2025-05-15T23:47:04
TXN001755,ACC00251,ACC00032,22428.19,2025-05-15T23:49:06
TXN001756,ACC00150,ACC00257,37692.61,2025-05-16T00:03:46
TXN001757,ACC00212,ACC00243,17956.41,2025-05-16T00:28:47
TXN001758,ACC00164,ACC00227,1667.01,2025-05-16T00:31:40
TXN001759,ACC00041,ACC00272,940.82,2025-05-16T00:36:31
TXN001760,ACC00225,ACC00161,4609.93,2025-05-16T00:36:49
TXN001761,ACC00234,ACC00230,5945.37,2025-05-16T00:56:45
TXN001762,ACC00200,ACC00060,11911.86,2025-05-16T01:03:14
TXN001763,ACC00033,ACC00092,660.82,2025-05-16T01:03:39
TXN001764,ACC00240,ACC00018,5351.41,2025-05-16T01:09:58
TXN001765,ACC00244,ACC00142,10952.38,2025-05-16T01:15:19
TXN001766,ACC00124,ACC00018,7849.93,2025-05-16T01:22:48
TXN001767,ACC00144,ACC00269,707.85,2025-05-16T01:26:45
TXN001768,ACC00282,ACC00012,3521.95,2025-05-16T01:41:03
TXN001769,ACC00260,ACC00199,260.76,2025-05-16T01:46:59
TXN001770,ACC00042,ACC00032,22979.16,2025-05-16T01:56:29
TXN001771,ACC00235,ACC00284,743.36,2025-05-16T02:36:51
TXN001772,ACC00133,ACC00021,2773.97,2025-05-16T02:38:16
TXN001773,ACC00084,ACC00221,832.75,2025-05-16T02:39:05
TXN001774,ACC00233,ACC00143,877.85,2025-05-16T02:41:00
TXN001775,ACC00121,ACC00281,1688.77,2025-05-16T02:54:15
TXN001776,ACC00011,ACC00187,2126.14,2025-05-16T03:05:22
TXN001777,ACC00092,ACC00187,2338.18,2025-05-16T03:24:56
TXN001778,ACC00077,ACC00032,15692.71,2025-05-16T03:26:11
TXN001779,ACC00046,ACC00195,1395.29,2025-05-16T03:28:34
TXN001780,ACC00136,ACC00143,1188.35,2025-05-16T03:30:00
TXN001781,ACC00117,ACC00173,1098.76,2025-05-16T03:31:17
TXN001782,ACC00107,ACC00198,8000.00,2025-05-16T03:36:25
TXN001783,ACC00275,ACC00004,1776.90,2025-05-16T03:55:00
TXN001784,ACC00070,ACC00093,714.74,2025-05-16T04:14:55
TXN001785,ACC00108,ACC00230,10647.03,2025-05-16T04:22:29
TXN001786,ACC00283,ACC00181,5863.61,2025-05-16T04:31:05
TXN001787,ACC00110,ACC00174,434.23,2025-05-16T04:31:55
TXN001788,ACC00160,ACC00187,1146.79,2025-05-16T04:36:10
TXN001789,ACC00121,ACC00076,2574.64,2025-05-16T04:37:20
TXN001790,ACC00007,ACC00222,601.11,2025-05-16T04:51:02
TXN001791,ACC00147,ACC00237,348.83,2025-05-16T05:06:09
TXN001792,ACC00131,ACC00156,980.20,2025-05-16T05:10:38
TXN001793,ACC00231,ACC00032,9838.44,2025-05-16T05:17:20
TXN001794,ACC00015,ACC00050,1006.58,2025-05-16T06:20:39
TXN001795,ACC00132,ACC00161,2896.26,2025-05-16T06:30:44
TXN001796,ACC00255,ACC00097,29106.07,2025-05-16T07:13:03
TXN001797,ACC00034,ACC00184,5496.84,2025-05-16T07:15:00
TXN001798,ACC00092,ACC00097,27689.21,2025-05-16T07:17:04
TXN001799,ACC00196,ACC00026,422.78,2025-05-16T08:05:13
TXN001800,ACC00108,ACC00148,8500.39,2025-05-16T08:35:07
TXN001801,ACC00193,ACC00026,2789.85,2025-05-16T12:10:00
TXN001802,ACC00197,ACC00181,3321.94,2025-05-16T14:22:30
TXN001803,ACC00164,ACC00195,925.51,2025-05-16T15:21:01
TXN001804,ACC00046,ACC00222,767.63,2025-05-16T16:11:29
TXN001805,ACC00270,ACC00060,9237.60,2025-05-16T16:27:37
TXN001806,ACC00145,ACC00170,8578.83,2025-05-16T16:35:42
TXN001807,ACC00131,ACC00108,466.94,2025-05-16T16:38:00
TXN001808,ACC00179,ACC00240,570.88,2025-05-16T16:40:32
TXN001809,ACC00247,ACC00200,1503.67,2025-05-16T16:43:33
TXN001810,ACC00211,ACC00050,3057.55,2025-05-16T16:53:55
TXN001811,ACC00172,ACC00021,1061.09,2025-05-16T17:11:46
TXN001812,ACC00252,ACC00059,35778.82,2025-05-16T17:16:02
TXN001813,ACC00005,ACC00198,2057.60,2025-05-16T17:17:12
TXN001814,ACC00270,ACC00181,8238.93,2025-05-16T17:21:42
TXN001815,ACC00119,ACC00230,15734.38,2025-05-16T17:44:14
TXN001816,ACC00020,ACC00039,404.51,2025-05-16T17:44:34
TXN001817,ACC00038,ACC00250,17098.52,2025-05-16T17:46:04
TXN001818,ACC00209,ACC00221,2211.26,2025-05-16T17:52:17
TXN001819,ACC00179,ACC00221,1003.02,2025-05-16T18:02:20
TXN001820,ACC00056,ACC00219,627.37,2025-05-16T18:16:53
TXN001821,ACC00001,ACC00068,1214.95,2025-05-16T18:45:23
TXN001822,ACC00149,ACC00095,533.66,2025-05-16T18:50:00
TXN001823,ACC00223,ACC00161,1065.31,2025-05-16T19:02:19
TXN001824,ACC00103,ACC00089,24378.01,2025-05-16T19:08:26
TXN001825,ACC00238,ACC00278,358.02,2025-05-16T19:30:09
TXN001826,ACC00079,ACC00068,719.21,2025-05-16T19:41:04
TXN001827,ACC00267,ACC00156,379.54,2025-05-16T19:53:38
TXN001828,ACC00033,ACC00195,1065.41,2025-05-16T19:57:41
TXN001829,ACC00258,ACC00005,590.27,2025-05-16T20:00:00
TXN001830,ACC00209,ACC00012,4513.82,2025-05-16T20:13:29
TXN001831,ACC00204,ACC00175,422.85,2025-05-16T20:16:54
TXN001832,ACC00081,ACC00281,1027.00,2025-05-16T20:19:02
TXN001833,ACC00101,ACC00138,408.82,2025-05-16T20:20:42
TXN001834,ACC00258,ACC00177,168.43,2025-05-16T20:31:47
TXN001835,ACC00220,ACC00059,15706.29,2025-05-16T20:32:49
TXN001836,ACC00107,ACC00161,3234.40,2025-05-16T20:42:27
TXN001837,ACC00274,ACC00082,880.30,2025-05-16T20:44:00
TXN001838,ACC00009,ACC00148,3767.54,2025-05-16T20:46:12
TXN001839,ACC00178,ACC00175,326.07,2025-05-16T20:52:52
TXN001840,ACC00160,ACC00021,4743.74,2025-05-16T21:05:55
TXN001841,ACC00272,ACC00026,2360.84,2025-05-16T21:07:02
TXN001842,ACC00242,ACC00219,1713.04,2025-05-16T21:19:34
TXN001843,ACC00132,ACC00118,20259.32,2025-05-16T21:23:51
TXN001844,ACC00196,ACC00111,1200.40,2025-05-16T21:29:49
TXN001845,ACC00231,ACC00175,1819.72,2025-05-16T21:39:40
TXN001846,ACC00185,ACC00198,3030.91,2025-05-16T21:40:36
TXN001847,ACC00192,ACC00221,1306.63,2025-05-16T21:42:11
TXN001848,ACC00066,ACC00093,1256.38,2025-05-16T21:48:05
TXN001849,ACC00103,ACC00184,4973.12,2025-05-16T22:02:49
TXN001850,ACC00196,ACC00287,655.68,2025-05-16T22:21:13
TXN001851,ACC00178,ACC00198,5908.42,2025-05-16T22:22:34
TXN001852,ACC00264,ACC00057,1276.24,2025-05-16T22:25:00
TXN001853,ACC00036,ACC00230,19179.76,2025-05-16T22:34:31
TXN001854,ACC00171,ACC00021,5685.51,2025-05-16T22:34:55
TXN001855,ACC00252,ACC00239,1103.49,2025-05-16T22:36:08
TXN001856,ACC00119,ACC00262,629.48,2025-05-16T22:49:19
TXN001857,ACC00061,ACC00193,813.66,2025-05-16T22:54:46
TXN001858,ACC00103,ACC00250,14516.65,2025-05-16T22:54:59
TXN001859,ACC00276,ACC00270,294.14,2025-05-16T22:56:02
TXN001860,ACC00177,ACC00021,3742.92,2025-05-16T23:10:01
TXN001861,ACC00212,ACC00175,702.06,2025-05-16T23:22:19
TXN001862,ACC00275,ACC00189,913.09,2025-05-16T23:34:44
TXN001863,ACC00010,ACC00111,1810.68,2025-05-16T23:35:15
TXN001864,ACC00211,ACC00083,1019.90,2025-05-16T23:51:30
TXN001865,ACC00082,ACC00155,1776.94,2025-05-17T00:02:35
TXN001866,ACC00122,ACC00111,1707.53,2025-05-17T00:03:19
TXN001867,ACC00200,ACC00132,1499.34,2025-05-17T00:09:55
TXN001868,ACC00223,ACC00170,22394.81,2025-05-17T00:16:10
TXN001869,ACC00039,ACC00268,175.26,2025-05-17T00:17:44
TXN001870,ACC00232,ACC00142,21571.55,2025-05-17T00:21:54
TXN001871,ACC00179,ACC00159,948.72,2025-05-17T00:26:07
TXN001872,ACC00031,ACC00227,1727.49,2025-05-17T00:39:06
TXN001873,ACC00203,ACC00221,961.30,2025-05-17T00:42:55
TXN001874,ACC00258,ACC00068,441.18,2025-05-17T00:47:05
TXN001875,ACC00156,ACC00142,19548.10,2025-05-17T00:50:50
TXN001876,ACC00091,ACC00003,816.19,2025-05-17T00:51:43
TXN001877,ACC00011,ACC00097,15708.84,2025-05-17T00:55:14
TXN001878,ACC00171,ACC00125,611.12,2025-05-17T01:04:40
TXN001879,ACC00156,ACC00143,993.41,2025-05-17T01:05:33
TXN001880,ACC00209,ACC00207,11575.38,2025-05-17T01:09:47
TXN001881,ACC00241,ACC00093,390.19,2025-05-17T01:12:49
TXN001882,ACC00028,ACC00123,667.25,2025-05-17T01:17:09
TXN001883,ACC00038,ACC00159,1713.47,2025-05-17T01:28:10
TXN001884,ACC00185,ACC00221,605.85,2025-05-17T01:29:07
TXN001885,ACC00025,ACC00281,743.02,2025-05-17T01:44:22
TXN001886,ACC00041,ACC00012,1795.44,2025-05-17T01:52:26
TXN001887,ACC00230,ACC00175,2958.65,2025-05-17T02:01:00
TXN001888,ACC00114,ACC00142,41649.80,2025-05-17T02:04:00
TXN001889,ACC00025,ACC00222,1135.81,2025-05-17T02:10:42
TXN001890,ACC00041,ACC00076,1178.30,2025-05-17T02:11:23
TXN001891,ACC00285,ACC00021,4162.22,2025-05-17T02:22:46
TXN001892,ACC00164,ACC00184,6375.66,2025-05-17T02:29:21
TXN001893,ACC00204,ACC00228,1082.26,2025-05-17T02:31:46
TXN001894,ACC00123,ACC00221,358.63,2025-05-17T02:32:35
TXN001895,ACC00229,ACC00221,2420.75,2025-05-17T02:40:28
TXN001896,ACC00231,ACC00068,1001.80,2025-05-17T03:12:31
TXN001897,ACC00262,ACC00021,966.51,2025-05-17T03:20:29
TXN001898,ACC00116,ACC00278,346.40,2025-05-17T03:21:18
TXN001899,ACC00277,ACC00213,17555.83,2025-05-17T03:21:19
TXN001900,ACC00113,ACC00173,4571.25,2025-05-17T03:37:00
TXN001901,ACC00122,ACC00170,9832.67,2025-05-17T03:46:26
TXN001902,ACC00157,ACC00111,784.55,2025-05-17T04:05:34
TXN001903,ACC00121,ACC00134,564.98,2025-05-17T04:06:33
TXN001904,ACC00132,ACC00080,425.73,2025-05-17T04:07:49
TXN001905,ACC00228,ACC00222,866.77,2025-05-17T04:16:22
TXN001906,ACC00263,ACC00181,10339.21,2025-05-17T04:17:08
TXN001907,ACC00031,ACC00021,1464.66,2025-05-17T04:20:59
TXN001908,ACC00125,ACC00060,21852.65,2025-05-17T04:29:17
TXN001909,ACC00039,ACC00268,2074.56,2025-05-17T04:34:57
TXN001910,ACC00085,ACC00181,3983.04,2025-05-17T04:36:29
TXN001911,ACC00154,ACC00205,640.11,2025-05-17T04:38:33
TXN001912,ACC00249,ACC00075,3433.88,2025-05-17T04:41:24
TXN001913,ACC00194,ACC00227,5004.73,2025-05-17T04:52:24
TXN001914,ACC00086,ACC00187,2198.36,2025-05-17T04:54:47
TXN001915,ACC00006,ACC00284,2500.00,2025-05-17T04:55:52
TXN001916,ACC00070,ACC00089,20780.76,2025-05-17T05:12:59
TXN001917,ACC00132,ACC00075,5997.61,2025-05-17T05:25:48
TXN001918,ACC00108,ACC00227,3710.31,2025-05-17T05:35:37
TXN001919,ACC00047,ACC00093,1612.73,2025-05-17T05:50:28
TXN001920,ACC00152,ACC00032,34258.51,2025-05-17T06:33:22
TXN001921,ACC00183,ACC00132,659.42,2025-05-17T06:39:18
TXN001922,ACC00194,ACC00059,11786.36,2025-05-17T06:46:53
TXN001923,ACC00023,ACC00078,1618.18,2025-05-17T06:48:07
TXN001924,ACC00046,ACC00266,725.45,2025-05-17T06:48:58
TXN001925,ACC00066,ACC00148,1779.72,2025-05-17T06:57:14
TXN001926,ACC00276,ACC00093,2043.87,2025-05-17T07:23:28
TXN001927,ACC00020,ACC00059,21308.13,2025-05-17T07:54:57
TXN001928,ACC00286,ACC00213,15546.75,2025-05-17T08:21:02
TXN001929,ACC00008,ACC00050,3813.53,2025-05-17T08:29:39
TXN001930,ACC00289,ACC00059,14800.47,2025-05-17T09:07:25
TXN001931,ACC00238,ACC00175,1919.70,2025-05-17T09:58:39
TXN001932,ACC00162,ACC00230,3608.52,2025-05-17T10:57:32
TXN001933,ACC00239,ACC00157,1750.14,2025-05-17T12:28:37
TXN001934,ACC00027,ACC00175,322.52,2025-05-17T14:43:27
TXN001935,ACC00117,ACC00060,43728.84,2025-05-17T15:00:39
TXN001936,ACC00235,ACC00060,31303.66,2025-05-17T15:13:15
TXN001937,ACC00255,ACC00032,15767.33,2025-05-17T15:18:19
TXN001938,ACC00165,ACC00113,11531.47,2025-05-17T15:31:12
TXN001939,ACC00009,ACC00230,4677.97,2025-05-17T16:44:21
TXN001940,ACC00074,ACC00230,11177.66,2025-05-17T17:09:55
TXN001941,ACC00074,ACC00169,421.56,2025-05-17T17:16:02
TXN001942,ACC00265,ACC00082,475.55,2025-05-17T17:26:28
TXN001943,ACC00234,ACC00052,1436.58,2025-05-17T17:39:41
TXN001944,ACC00208,ACC00244,882.05,2025-05-17T17:44:55
TXN001945,ACC00103,ACC00284,428.35,2025-05-17T17:54:44
TXN001946,ACC00149,ACC00018,9730.27,2025-05-17T18:00:40
TXN001947,ACC00169,ACC00170,17473.92,2025-05-17T18:07:28
TXN001948,ACC00029,ACC00207,6923.01,2025-05-17T18:12:33
TXN001949,ACC00028,ACC00032,24254.12,2025-05-17T18:12:42
TXN001950,ACC00192,ACC00181,3456.47,2025-05-17T18:33:32
TXN001951,ACC00154,ACC00155,1328.72,2025-05-17T19:21:40
TXN001952,ACC00108,ACC00089,12094.13,2025-05-17T19:25:40
TXN001953,ACC00163,ACC00195,1060.21,2025-05-17T19:28:51
TXN001954,ACC00036,ACC00227,4649.26,2025-05-17T19:29:00
TXN001955,ACC00226,ACC00032,19160.64,2025-05-17T19:37:50
TXN001956,ACC00077,ACC00128,660.83,2025-05-17T20:00:00
TXN001957,ACC00121,ACC00080,569.33,2025-05-17T20:06:28
TXN001958,ACC00125,ACC00171,149.76,2025-05-17T20:08:43
TXN001959,ACC00165,ACC00068,972.07,2025-05-17T20:14:49
TXN001960,ACC00271,ACC00008,930.08,2025-05-17T20:21:17
TXN001961,ACC00082,ACC00077,10718.22,2025-05-17T20:24:00
TXN001962,ACC00290,ACC00093,1325.20,2025-05-17T20:36:33
TXN001963,ACC00158,ACC00060,13707.54,2025-05-17T20:52:34
TXN001964,ACC00276,ACC00098,566.42,2025-05-17T21:07:10
TXN001965,ACC00249,ACC00209,1370.10,2025-05-17T21:10:01
TXN001966,ACC00208,ACC00198,2488.56,2025-05-17T21:10:49
TXN001967,ACC00255,ACC00209,807.12,2025-05-17T21:12:54
TXN001968,ACC00238,ACC00207,23057.75,2025-05-17T21:19:53
TXN001969,ACC00038,ACC00278,740.87,2025-05-17T21:20:07
TXN001970,ACC00081,ACC00213,20567.59,2025-05-17T21:28:27
TXN001971,ACC00003,ACC00125,612.38,2025-05-17T21:50:34
TXN001972,ACC00169,ACC00243,11913.19,2025-05-17T22:00:24
TXN001973,ACC00005,ACC00074,632.52,2025-05-17T22:37:10
TXN001974,ACC00174,ACC00100,137.47,2025-05-17T22:40:08
TXN001975,ACC00037,ACC00161,1117.34,2025-05-17T22:40:25
TXN001976,ACC00056,ACC00195,2911.12,2025-05-17T22:48:06
TXN001977,ACC00019,ACC00263,3539.49,2025-05-17T23:00:38
TXN001978,ACC00049,ACC00230,1318.09,2025-05-17T23:06:00
TXN001979,ACC00031,ACC00150,281.64,2025-05-17T23:09:49
TXN001980,ACC00156,ACC00159,653.96,2025-05-17T23:20:41
TXN001981,ACC00234,ACC00170,26140.08,2025-05-17T23:22:24
TXN001982,ACC00285,ACC00213,21294.06,2025-05-17T23:24:48
TXN001983,ACC00171,ACC00222,306.81,2025-05-17T23:24:54
TXN001984,ACC00036,ACC00264,1064.87,2025-05-17T23:34:21
TXN001985,ACC00152,ACC00195,2137.34,2025-05-17T23:38:46
TXN001986,ACC00056,ACC00142,12961.58,2025-05-17T23:51:44
TXN001987,ACC00283,ACC00089,24732.36,2025-05-18T00:11:30
TXN001988,ACC00265,ACC00026,558.90,2025-05-18T00:12:07
TXN001989,ACC00096,ACC00212,110.13,2025-05-18T00:22:22
TXN001990,ACC00273,ACC00237,300.27,2025-05-18T00:22:40
TXN001991,ACC00031,ACC00097,12119.39,2025-05-18T00:36:00
TXN001992,ACC00108,ACC00113,2608.81,2025-05-18T00:44:00
TXN001993,ACC00211,ACC00111,339.97,2025-05-18T01:04:33
TXN001994,ACC00209,ACC00135,608.39,2025-05-18T01:10:45
TXN001995,ACC00134,ACC00187,475.93,2025-05-18T01:15:15
TXN001996,ACC00100,ACC00059,17460.10,2025-05-18T01:25:55
TXN001997,ACC00098,ACC00230,41678.41,2025-05-18T01:53:40
TXN001998,ACC00285,ACC00097,31032.69,2025-05-18T01:53:57
TXN001999,ACC00098,ACC00152,1271.36,2025-05-18T01:56:21
TXN002000,ACC00199,ACC00286,1459.19,2025-05-18T02:09:35
TXN002001,ACC00164,ACC00184,1697.73,2025-05-18T02:18:52
TXN002002,ACC00098,ACC00181,1176.56,2025-05-18T02:19:52
TXN002003,ACC00107,ACC00018,5055.50,2025-05-18T02:24:57
TXN002004,ACC00202,ACC00138,492.57,2025-05-18T02:26:53
TXN002005,ACC00125,ACC00187,620.78,2025-05-18T02:32:21
TXN002006,ACC00110,ACC00032,18340.33,2025-05-18T02:47:44
TXN002007,ACC00199,ACC00286,309.02,2025-05-18T02:48:59
TXN002008,ACC00011,ACC00113,20707.81,2025-05-18T02:59:36
TXN002009,ACC00270,ACC00245,1743.48,2025-05-18T02:59:53
TXN002010,ACC00140,ACC00161,1075.53,2025-05-18T03:02:20
TXN002011,ACC00127,ACC00221,899.14,2025-05-18T03:05:17
TXN002012,ACC00024,ACC00012,5346.68,2025-05-18T03:07:48
TXN002013,ACC00098,ACC00230,15643.03,2025-05-18T03:22:08
TXN002014,ACC00265,ACC00059,11255.80,2025-05-18T03:53:33
TXN002015,ACC00287,ACC00076,3000.00,2025-05-18T04:07:50
TXN002016,ACC00260,ACC00269,476.73,2025-05-18T04:10:23
TXN002017,ACC00020,ACC00184,1543.55,2025-05-18T04:15:33
TXN002018,ACC00065,ACC00221,1091.04,2025-05-18T04:20:32
TXN002019,ACC00107,ACC00046,1099.14,2025-05-18T04:22:34
TXN002020,ACC00100,ACC00219,442.68,2025-05-18T04:58:07
TXN002021,ACC00140,ACC00113,13240.73,2025-05-18T05:18:39
TXN002022,ACC00091,ACC00230,12232.08,2025-05-18T05:59:03
TXN002023,ACC00271,ACC00068,242.43,2025-05-18T06:03:22
TXN002024,ACC00169,ACC00142,22332.65,2025-05-18T06:17:07
TXN002025,ACC00098,ACC00012,2787.48,2025-05-18T06:22:50
TXN002026,ACC00267,ACC00221,703.64,2025-05-18T06:27:03
TXN002027,ACC00039,ACC00268,227.92,2025-05-18T06:30:19
TXN002028,ACC00238,ACC00187,557.94,2025-05-18T06:36:22
TXN002029,ACC00144,ACC00281,483.49,2025-05-18T06:41:47
TXN002030,ACC00232,ACC00281,953.33,2025-05-18T06:50:15
TXN002031,ACC00019,ACC00263,218.88,2025-05-18T08:29:44
TXN002032,ACC00092,ACC00032,7305.12,2025-05-18T08:58:02
TXN002033,ACC00212,ACC00118,16684.98,2025-05-18T10:56:43
TXN002034,ACC00231,ACC00227,2869.06,2025-05-18T13:00:13
TXN002035,ACC00226,ACC00227,2803.96,2025-05-18T15:01:04
TXN002036,ACC00003,ACC00018,3419.59,2025-05-18T15:03:48
TXN002037,ACC00147,ACC00279,373.44,2025-05-18T16:06:10
TXN002038,ACC00204,ACC00243,30882.39,2025-05-18T16:13:06
TXN002039,ACC00135,ACC00257,37260.15,2025-05-18T16:21:56
TXN002040,ACC00106,ACC00210,2866.60,2025-05-18T16:32:10
TXN002041,ACC00094,ACC00198,2330.39,2025-05-18T16:39:18
TXN002042,ACC00101,ACC00148,2136.57,2025-05-18T16:41:09
TXN002043,ACC00154,ACC00230,21962.29,2025-05-18T16:41:52
TXN002044,ACC00135,ACC00154,951.37,2025-05-18T17:13:29
TXN002045,ACC00216,ACC00243,15469.48,2025-05-18T17:16:38
TXN002046,ACC00168,ACC00285,496.02,2025-05-18T17:45:29
TXN002047,ACC00098,ACC00170,26748.87,2025-05-18T17:48:04
TXN002048,ACC00009,ACC00195,853.91,2025-05-18T17:48:13
TXN002049,ACC00152,ACC00093,581.69,2025-05-18T18:09:49
TXN002050,ACC00176,ACC00111,2215.77,2025-05-18T18:10:21
TXN002051,ACC00006,ACC00007,811.05,2025-05-18T18:12:50
TXN002052,ACC00262,ACC00119,587.51,2025-05-18T18:13:39
TXN002053,ACC00106,ACC00237,1117.10,2025-05-18T18:14:06
TXN002054,ACC00088,ACC00213,8707.55,2025-05-18T18:19:11
TXN002055,ACC00263,ACC00019,632.74,2025-05-18T18:43:00
TXN002056,ACC00146,ACC00062,269.80,2025-05-18T19:07:51
TXN002057,ACC00223,ACC00195,1102.11,2025-05-18T19:08:44
TXN002058,ACC00022,ACC00247,516.81,2025-05-18T19:10:47
TXN002059,ACC00287,ACC00170,24232.09,2025-05-18T19:14:56
TXN002060,ACC00218,ACC00138,432.76,2025-05-18T19:30:42
TXN002061,ACC00236,ACC00221,1201.64,2025-05-18T19:43:08
TXN002062,ACC00254,ACC00230,29698.28,2025-05-18T19:56:38
TXN002063,ACC00033,ACC00032,29919.44,2025-05-18T19:56:42
TXN002064,ACC00074,ACC00186,315.04,2025-05-18T19:58:14
TXN002065,ACC00171,ACC00195,949.02,2025-05-18T20:01:07
TXN002066,ACC00276,ACC00184,2200.86,2025-05-18T20:14:27
TXN002067,ACC00251,ACC00243,19747.40,2025-05-18T20:36:56
TXN002068,ACC00079,ACC00118,15882.31,2025-05-18T20:44:02
TXN002069,ACC00193,ACC00161,1498.58,2025-05-18T20:56:23
TXN002070,ACC00185,ACC00092,526.58,2025-05-18T21:08:54
TXN002071,ACC00044,ACC00289,478.32,2025-05-18T21:52:28
TXN002072,ACC00065,ACC00060,8571.73,2025-05-18T22:04:10
TXN002073,ACC00105,ACC00082,2681.41,2025-05-18T22:36:00
TXN002074,ACC00247,ACC00139,643.56,2025-05-18T22:47:28
TXN002075,ACC00185,ACC00059,9540.54,2025-05-18T22:57:28
TXN002076,ACC00238,ACC00059,17627.38,2025-05-18T23:09:13
TXN002077,ACC00267,ACC00093,1062.62,2025-05-18T23:14:12
TXN002078,ACC00001,ACC00012,4304.19,2025-05-18T23:36:28
TXN002079,ACC00135,ACC00161,3236.61,2025-05-18T23:47:02
TXN002080,ACC00069,ACC00159,1511.13,2025-05-18T23:58:01
TXN002081,ACC00081,ACC00233,1432.85,2025-05-19T00:09:44
TXN002082,ACC00283,ACC00172,988.37,2025-05-19T00:10:24
TXN002083,ACC00067,ACC00111,4579.04,2025-05-19T00:12:47
TXN002084,ACC00140,ACC00148,5973.46,2025-05-19T00:30:29
TXN002085,ACC00083,ACC00021,4527.06,2025-05-19T00:31:46
TXN002086,ACC00117,ACC00181,3948.35,2025-05-19T00:40:36
TXN002087,ACC00131,ACC00170,11389.40,2025-05-19T00:57:10
TXN002088,ACC00077,ACC00222,620.94,2025-05-19T00:59:21
TXN002089,ACC00144,ACC00150,216.01,2025-05-19T01:02:53
TXN002090,ACC00007,ACC00113,10958.66,2025-05-19T01:07:47
TXN002091,ACC00063,ACC00121,2100.57,2025-05-19T01:08:13
TXN002092,ACC00030,ACC00221,637.28,2025-05-19T01:09:07
TXN002093,ACC00208,ACC00187,684.84,2025-05-19T01:14:32
TXN002094,ACC00123,ACC00256,282.66,2025-05-19T01:17:03
TXN002095,ACC00211,ACC00026,1221.23,2025-05-19T01:37:33
TXN002096,ACC00077,ACC00207,15419.94,2025-05-19T01:43:56
TXN002097,ACC00225,ACC00181,2701.89,2025-05-19T01:51:38
TXN002098,ACC00279,ACC00181,4143.86,2025-05-19T01:56:07
TXN002099,ACC00067,ACC00076,811.96,2025-05-19T02:15:35
TXN002100,ACC00047,ACC00076,1437.23,2025-05-19T02:19:17
TXN002101,ACC00009,ACC00173,615.21,2025-05-19T02:22:03
TXN002102,ACC00286,ACC00138,867.26,2025-05-19T02:28:53
TXN002103,ACC00027,ACC00221,1158.39,2025-05-19T02:34:12
TXN002104,ACC00263,ACC00173,526.93,2025-05-19T02:34:18
TXN002105,ACC00137,ACC00198,6772.12,2025-05-19T02:34:20
TXN002106,ACC00105,ACC00170,8595.31,2025-05-19T02:47:53
TXN002107,ACC00127,ACC00068,520.66,2025-05-19T02:56:02
TXN002108,ACC00139,ACC00247,689.83,2025-05-19T02:57:03
TXN002109,ACC00285,ACC00097,16321.24,2025-05-19T03:16:34
TXN002110,ACC00031,ACC00236,324.73,2025-05-19T03:23:01
TXN002111,ACC00108,ACC00059,55000.00,2025-05-19T03:58:10
TXN002112,ACC00008,ACC00082,314.68,2025-05-19T04:01:11
TXN002113,ACC00082,ACC00075,21476.83,2025-05-19T04:01:51
TXN002114,ACC00153,ACC00198,2254.14,2025-05-19T04:06:50
TXN002115,ACC00229,ACC00263,200.21,2025-05-19T04:07:42
TXN002116,ACC00010,ACC00080,1505.09,2025-05-19T04:29:06
TXN002117,ACC00273,ACC00155,956.17,2025-05-19T04:36:50
TXN002118,ACC00271,ACC00075,16227.51,2025-05-19T04:43:52
TXN002119,ACC00107,ACC00059,20249.71,2025-05-19T05:32:50
TXN002120,ACC00052,ACC00198,3734.31,2025-05-19T05:45:22
TXN002121,ACC00121,ACC00173,1602.49,2025-05-19T05:51:09
TXN002122,ACC00200,ACC00237,409.00,2025-05-19T05:56:27
TXN002123,ACC00004,ACC00155,1024.15,2025-05-19T05:57:27
TXN002124,ACC00143,ACC00266,730.20,2025-05-19T06:10:28
TXN002125,ACC00099,ACC00241,701.06,2025-05-19T06:35:59
TXN002126,ACC00282,ACC00138,687.10,2025-05-19T06:50:49
TXN002127,ACC00117,ACC00230,23624.15,2025-05-19T06:56:31
TXN002128,ACC00188,ACC00266,339.37,2025-05-19T07:21:07
TXN002129,ACC00107,ACC00138,381.76,2025-05-19T07:36:31
TXN002130,ACC00144,ACC00207,9214.16,2025-05-19T08:09:55
TXN002131,ACC00271,ACC00148,1492.43,2025-05-19T08:33:06
TXN002132,ACC00201,ACC00056,396.87,2025-05-19T10:53:16
TXN002133,ACC00286,ACC00191,966.27,2025-05-19T12:06:18
TXN002134,ACC00066,ACC00061,417.95,2025-05-19T15:01:22
TXN002135,ACC00028,ACC00059,14384.44,2025-05-19T15:06:36
TXN002136,ACC00039,ACC00059,17361.16,2025-05-19T15:07:51
TXN002137,ACC00125,ACC00032,9560.14,2025-05-19T15:21:03
TXN002138,ACC00233,ACC00084,659.24,2025-05-19T15:21:59
TXN002139,ACC00194,ACC00266,749.44,2025-05-19T16:46:09
TXN002140,ACC00157,ACC00097,8647.88,2025-05-19T16:48:05
TXN002141,ACC00223,ACC00243,11900.77,2025-05-19T16:57:49
TXN002142,ACC00117,ACC00089,6147.34,2025-05-19T17:05:36
TXN002143,ACC00279,ACC00257,6886.47,2025-05-19T17:34:46
TXN002144,ACC00258,ACC00025,336.19,2025-05-19T17:37:14
TXN002145,ACC00163,ACC00230,17400.90,2025-05-19T18:03:37
TXN002146,ACC00209,ACC00270,1156.10,2025-05-19T18:16:21
TXN002147,ACC00105,ACC00272,1006.38,2025-05-19T18:25:41
TXN002148,ACC00086,ACC00148,3222.29,2025-05-19T18:30:25
TXN002149,ACC00253,ACC00213,11202.97,2025-05-19T18:40:07
TXN002150,ACC00276,ACC00093,3000.00,2025-05-19T18:42:51
TXN002151,ACC00275,ACC00075,7950.00,2025-05-19T18:42:57
TXN002152,ACC00109,ACC00060,13390.74,2025-05-19T18:45:16
TXN002153,ACC00174,ACC00201,575.76,2025-05-19T18:49:35
TXN002154,ACC00210,ACC00213,18237.24,2025-05-19T18:59:02
TXN002155,ACC00036,ACC00266,285.34,2025-05-19T19:07:54
TXN002156,ACC00248,ACC00089,9594.18,2025-05-19T19:12:12
TXN002157,ACC00252,ACC00059,21261.97,2025-05-19T19:16:37
TXN002158,ACC00108,ACC00257,25190.05,2025-05-19T19:27:13
TXN002159,ACC00167,ACC00198,4120.33,2025-05-19T19:50:06
TXN002160,ACC00244,ACC00032,22644.52,2025-05-19T19:54:36
TXN002161,ACC00155,ACC00230,6795.47,2025-05-19T19:57:00
TXN002162,ACC00271,ACC00035,1388.05,2025-05-19T20:00:07
TXN002163,ACC00116,ACC00032,20481.68,2025-05-19T20:08:58
TXN002164,ACC00029,ACC00198,3389.51,2025-05-19T20:14:52
TXN002165,ACC00179,ACC00162,696.01,2025-05-19T20:21:48
TXN002166,ACC00239,ACC00213,24392.74,2025-05-19T20:24:09
TXN002167,ACC00233,ACC00142,30729.40,2025-05-19T20:48:48
TXN002168,ACC00235,ACC00038,479.93,2025-05-19T20:50:45
TXN002169,ACC00262,ACC00219,1822.30,2025-05-19T20:59:18
TXN002170,ACC00214,ACC00113,3166.07,2025-05-19T21:03:00
TXN002171,ACC00183,ACC00230,2037.37,2025-05-19T21:10:00
TXN002172,ACC00151,ACC00257,5930.11,2025-05-19T21:23:20
TXN002173,ACC00137,ACC00075,24036.38,2025-05-19T21:24:22
TXN002174,ACC00036,ACC00100,865.26,2025-05-19T21:40:44
TXN002175,ACC00074,ACC00093,1991.22,2025-05-19T21:44:32
TXN002176,ACC00151,ACC00257,13522.21,2025-05-19T21:55:06
TXN002177,ACC00236,ACC00181,3481.89,2025-05-19T22:00:18
TXN002178,ACC00090,ACC00207,22427.00,2025-05-19T22:03:10
TXN002179,ACC00216,ACC00222,1080.60,2025-05-19T22:05:55
TXN002180,ACC00148,ACC00113,11129.21,2025-05-19T22:06:00
TXN002181,ACC00273,ACC00198,2706.80,2025-05-19T22:08:14
TXN002182,ACC00064,ACC00250,45000.00,2025-05-19T22:25:58
TXN002183,ACC00288,ACC00181,2019.70,2025-05-19T22:27:57
TXN002184,ACC00123,ACC00070,1905.54,2025-05-19T22:36:42
TXN002185,ACC00267,ACC00138,629.48,2025-05-19T22:43:45
TXN002186,ACC00041,ACC00157,290.16,2025-05-19T22:49:09
TXN002187,ACC00228,ACC00250,17044.22,2025-05-19T22:58:59
TXN002188,ACC00081,ACC00076,2365.69,2025-05-19T23:09:17
TXN002189,ACC00209,ACC00097,3896.21,2025-05-19T23:13:51
TXN002190,ACC00057,ACC00176,520.85,2025-05-19T23:16:35
TXN002191,ACC00009,ACC00097,9309.44,2025-05-19T23:20:47
TXN002192,ACC00153,ACC00269,2552.42,2025-05-19T23:24:15
TXN002193,ACC00286,ACC00076,916.74,2025-05-19T23:24:19
TXN002194,ACC00220,ACC00060,13122.56,2025-05-19T23:26:32
TXN002195,ACC00258,ACC00175,850.94,2025-05-19T23:36:07
TXN002196,ACC00263,ACC00287,294.13,2025-05-19T23:46:07
TXN002197,ACC00146,ACC00076,1764.42,2025-05-19T23:48:34
TXN002198,ACC00149,ACC00266,393.62,2025-05-19T23:58:46
TXN002199,ACC00186,ACC00161,1584.51,2025-05-20T00:04:21
TXN002200,ACC00047,ACC00281,397.01,2025-05-20T00:17:05
TXN002201,ACC00260,ACC00257,9294.66,2025-05-20T00:19:46
TXN002202,ACC00225,ACC00118,33487.44,2025-05-20T00:29:25
TXN002203,ACC00277,ACC00012,9029.77,2025-05-20T00:41:34
TXN002204,ACC00041,ACC00138,514.31,2025-05-20T00:55:54
TXN002205,ACC00188,ACC00250,14003.64,2025-05-20T00:58:13
TXN002206,ACC00020,ACC00257,9473.14,2025-05-20T01:10:44
TXN002207,ACC00232,ACC00150,205.81,2025-05-20T01:11:42
TXN002208,ACC00144,ACC00142,23155.50,2025-05-20T01:17:43
TXN002209,ACC00283,ACC00021,3899.57,2025-05-20T01:29:47
TXN002210,ACC00095,ACC00181,3191.46,2025-05-20T01:37:28
TXN002211,ACC00275,ACC00026,547.36,2025-05-20T01:44:13
TXN002212,ACC00095,ACC00237,1408.87,2025-05-20T01:48:38
TXN002213,ACC00005,ACC00006,1061.31,2025-05-20T01:59:30
TXN002214,ACC00261,ACC00279,696.97,2025-05-20T02:11:43
TXN002215,ACC00146,ACC00118,9378.70,2025-05-20T02:15:47
TXN002216,ACC00096,ACC00138,449.87,2025-05-20T02:16:43
TXN002217,ACC00030,ACC00059,9494.71,2025-05-20T02:21:07
TXN002218,ACC00038,ACC00093,2345.77,2025-05-20T02:23:23
TXN002219,ACC00171,ACC00278,1010.59,2025-05-20T02:28:30
TXN002220,ACC00289,ACC00010,240.68,2025-05-20T02:29:44
TXN002221,ACC00249,ACC00138,453.91,2025-05-20T02:33:57
TXN002222,ACC00256,ACC00093,150.00,2025-05-20T02:34:46
TXN002223,ACC00046,ACC00230,21447.51,2025-05-20T02:48:46
TXN002224,ACC00182,ACC00089,8116.15,2025-05-20T02:50:41
TXN002225,ACC00047,ACC00181,3640.36,2025-05-20T02:55:43
TXN002226,ACC00056,ACC00159,970.39,2025-05-20T02:59:22
TXN002227,ACC00088,ACC00018,12000.00,2025-05-20T03:00:31
TXN002228,ACC00114,ACC00121,357.40,2025-05-20T03:13:03
TXN002229,ACC00200,ACC00032,30750.74,2025-05-20T03:31:39
TXN002230,ACC00185,ACC00138,408.18,2025-05-20T03:38:24
TXN002231,ACC00177,ACC00131,1293.69,2025-05-20T03:41:00
TXN002232,ACC00151,ACC00221,716.71,2025-05-20T03:46:49
TXN002233,ACC00011,ACC00222,1039.04,2025-05-20T03:50:51
TXN002234,ACC00005,ACC00148,4132.26,2025-05-20T03:53:23
TXN002235,ACC00121,ACC00076,671.18,2025-05-20T03:54:28
TXN002236,ACC00066,ACC00195,1987.13,2025-05-20T04:03:20
TXN002237,ACC00235,ACC00198,3514.19,2025-05-20T04:04:09
TXN002238,ACC00174,ACC00021,2168.00,2025-05-20T04:22:40
TXN002239,ACC00042,ACC00250,26619.90,2025-05-20T04:27:22
TXN002240,ACC00040,ACC00282,1227.96,2025-05-20T04:45:31
TXN002241,ACC00095,ACC00221,1067.90,2025-05-20T04:54:07
TXN002242,ACC00287,ACC00012,2214.11,2025-05-20T04:59:27
TXN002243,ACC00164,ACC00184,3589.76,2025-05-20T05:05:51
TXN002244,ACC00263,ACC00019,220.20,2025-05-20T05:22:22
TXN002245,ACC00165,ACC00230,21489.48,2025-05-20T05:28:56
TXN002246,ACC00046,ACC00037,2767.31,2025-05-20T05:53:37
TXN002247,ACC00199,ACC00060,30329.96,2025-05-20T06:31:50
TXN002248,ACC00218,ACC00111,556.48,2025-05-20T06:56:47
TXN002249,ACC00233,ACC00274,3012.49,2025-05-20T06:58:35
TXN002250,ACC00287,ACC00288,2440.88,2025-05-20T07:21:41
TXN002251,ACC00248,ACC00068,1060.25,2025-05-20T07:29:10
TXN002252,ACC00285,ACC00170,12440.47,2025-05-20T07:58:26
TXN002253,ACC00003,ACC00284,407.51,2025-05-20T08:12:26
TXN002254,ACC00253,ACC00023,232.62,2025-05-20T08:28:59
TXN002255,ACC00211,ACC00170,21868.37,2025-05-20T09:13:45
TXN002256,ACC00051,ACC00175,2130.85,2025-05-20T10:41:10
TXN002257,ACC00235,ACC00142,17156.66,2025-05-20T13:04:50
TXN002258,ACC00081,ACC00233,545.74,2025-05-20T15:06:44
TXN002259,ACC00256,ACC00086,403.41,2025-05-20T15:18:51
TXN002260,ACC00150,ACC00055,1112.41,2025-05-20T15:54:04
TXN002261,ACC00042,ACC00055,377.08,2025-05-20T15:55:59
TXN002262,ACC00206,ACC00142,20188.75,2025-05-20T16:03:51
TXN002263,ACC00290,ACC00175,1674.59,2025-05-20T16:08:20
TXN002264,ACC00252,ACC00021,2529.42,2025-05-20T16:10:57
TXN002265,ACC00251,ACC00095,2216.98,2025-05-20T16:44:04
TXN002266,ACC00091,ACC00059,41754.41,2025-05-20T16:53:07
TXN002267,ACC00023,ACC00018,1614.60,2025-05-20T16:55:12
TXN002268,ACC00236,ACC00032,18257.44,2025-05-20T17:19:21
TXN002269,ACC00279,ACC00231,247.43,2025-05-20T17:32:42
TXN002270,ACC00006,ACC00181,2099.99,2025-05-20T17:36:25
TXN002271,ACC00260,ACC00184,1049.88,2025-05-20T17:46:13
TXN002272,ACC00096,ACC00070,2498.48,2025-05-20T17:52:51
TXN002273,ACC00163,ACC00118,17730.67,2025-05-20T17:54:55
TXN002274,ACC00055,ACC00173,615.29,2025-05-20T17:55:34
TXN002275,ACC00288,ACC00161,1684.09,2025-05-20T18:01:45
TXN002276,ACC00285,ACC00198,916.34,2025-05-20T18:14:32
TXN002277,ACC00279,ACC00284,767.49,2025-05-20T18:24:21
TXN002278,ACC00008,ACC00237,1141.31,2025-05-20T18:44:14
TXN002279,ACC00121,ACC00207,25623.03,2025-05-20T18:45:43
TXN002280,ACC00011,ACC00032,20356.59,2025-05-20T18:53:22
TXN002281,ACC00010,ACC00187,562.81,2025-05-20T19:02:48
TXN002282,ACC00023,ACC00018,6386.75,2025-05-20T19:04:20
TXN002283,ACC00116,ACC00076,1771.26,2025-05-20T19:20:51
TXN002284,ACC00024,ACC00138,2500.00,2025-05-20T19:20:53
TXN002285,ACC00283,ACC00075,18774.03,2025-05-20T19:32:52
TXN002286,ACC00081,ACC00237,659.40,2025-05-20T19:49:06
TXN002287,ACC00202,ACC00119,381.39,2025-05-20T19:50:51
TXN002288,ACC00223,ACC00097,10500.92,2025-05-20T19:53:20
TXN002289,ACC00290,ACC00111,489.95,2025-05-20T19:53:54
TXN002290,ACC00211,ACC00148,3171.11,2025-05-20T19:55:10
TXN002291,ACC00163,ACC00071,601.53,2025-05-20T20:02:36
TXN002292,ACC00247,ACC00026,2036.13,2025-05-20T20:08:19
TXN002293,ACC00051,ACC00082,815.34,2025-05-20T20:13:00
TXN002294,ACC00125,ACC00237,698.43,2025-05-20T20:14:53
TXN002295,ACC00274,ACC00173,560.99,2025-05-20T20:17:38
TXN002296,ACC00101,ACC00243,4880.27,2025-05-20T20:24:01
TXN002297,ACC00028,ACC00080,1050.83,2025-05-20T20:38:49
TXN002298,ACC00109,ACC00076,486.41,2025-05-20T20:39:53
TXN002299,ACC00041,ACC00026,428.96,2025-05-20T20:41:29
TXN002300,ACC00039,ACC00207,15173.01,2025-05-20T20:45:07
TXN002301,ACC00137,ACC00219,435.24,2025-05-20T21:02:35
TXN002302,ACC00124,ACC00219,1561.79,2025-05-20T21:09:40
TXN002303,ACC00040,ACC00111,1367.63,2025-05-20T21:11:31
TXN002304,ACC00201,ACC00068,891.06,2025-05-20T21:17:06
TXN002305,ACC00204,ACC00118,22427.19,2025-05-20T21:37:19
TXN002306,ACC00136,ACC00284,648.21,2025-05-20T21:37:33
TXN002307,ACC00210,ACC00003,563.41,2025-05-20T21:39:15
TXN002308,ACC00185,ACC00221,1272.38,2025-05-20T21:39:35
TXN002309,ACC00121,ACC00170,15047.00,2025-05-20T21:41:48
TXN002310,ACC00132,ACC00219,575.33,2025-05-20T21:42:49
TXN002311,ACC00209,ACC00222,691.39,2025-05-20T21:47:44
TXN002312,ACC00200,ACC00284,542.30,2025-05-20T21:47:46
TXN002313,ACC00202,ACC00222,781.87,2025-05-20T21:52:05
TXN002314,ACC00233,ACC00227,5000.48,2025-05-20T21:56:20
TXN002315,ACC00232,ACC00050,1459.32,2025-05-20T22:01:49
TXN002316,ACC00070,ACC00018,3919.75,2025-05-20T22:03:44
TXN002317,ACC00249,ACC00284,374.12,2025-05-20T22:09:57
TXN002318,ACC00191,ACC00132,391.66,2025-05-20T22:13:43
TXN002319,ACC00144,ACC00012,4234.96,2025-05-20T22:18:27
TXN002320,ACC00223,ACC00089,24369.95,2025-05-20T22:19:41
TXN002321,ACC00125,ACC00187,2500.00,2025-05-20T22:20:33
TXN002322,ACC00008,ACC00249,417.20,2025-05-20T22:27:28
TXN002323,ACC00066,ACC00207,10231.93,2025-05-20T22:42:17
TXN002324,ACC00235,ACC00038,402.87,2025-05-20T22:42:52
TXN002325,ACC00287,ACC00078,4605.35,2025-05-20T22:44:05
TXN002326,ACC00194,ACC00113,13457.44,2025-05-20T23:03:50
TXN002327,ACC00289,ACC00230,6535.29,2025-05-20T23:06:24
TXN002328,ACC00054,ACC00018,1674.11,2025-05-20T23:11:06
TXN002329,ACC00037,ACC00278,349.65,2025-05-20T23:18:31
TXN002330,ACC00020,ACC00198,571.33,2025-05-20T23:25:30
TXN002331,ACC00004,ACC00195,2324.27,2025-05-20T23:33:00
TXN002332,ACC00003,ACC00012,3865.91,2025-05-20T23:43:17
TXN002333,ACC00143,ACC00227,3830.92,2025-05-20T23:53:00
TXN002334,ACC00010,ACC00207,30113.00,2025-05-20T23:56:57
TXN002335,ACC00203,ACC00222,789.60,2025-05-21T00:04:51
TXN002336,ACC00037,ACC00155,1413.77,2025-05-21T00:37:36
TXN002337,ACC00277,ACC00155,838.20,2025-05-21T00:39:12
TXN002338,ACC00168,ACC00076,580.80,2025-05-21T00:55:00
TXN002339,ACC00178,ACC00290,3162.76,2025-05-21T00:57:40
TXN002340,ACC00274,ACC00076,1315.52,2025-05-21T01:00:02
TXN002341,ACC00197,ACC00089,23642.08,2025-05-21T01:08:09
TXN002342,ACC00044,ACC00222,2159.18,2025-05-21T01:11:14
TXN002343,ACC00272,ACC00148,1122.59,2025-05-21T01:17:47
TXN002344,ACC00272,ACC00198,2531.94,2025-05-21T01:26:26
TXN002345,ACC00168,ACC00237,1070.52,2025-05-21T01:31:21
TXN002346,ACC00160,ACC00059,32790.89,2025-05-21T01:53:16
TXN002347,ACC00286,ACC00191,1380.24,2025-05-21T02:06:59
TXN002348,ACC00091,ACC00198,3270.18,2025-05-21T02:07:46
TXN002349,ACC00036,ACC00181,4782.82,2025-05-21T02:09:14
TXN002350,ACC00238,ACC00111,1300.77,2025-05-21T02:09:49
TXN002351,ACC00248,ACC00202,1076.92,2025-05-21T02:33:21
TXN002352,ACC00158,ACC00089,6994.96,2025-05-21T02:37:38
TXN002353,ACC00008,ACC00059,14682.08,2025-05-21T02:43:24
TXN002354,ACC00052,ACC00195,1874.68,2025-05-21T02:44:30
TXN002355,ACC00061,ACC00018,6268.59,2025-05-21T02:52:40
TXN002356,ACC00135,ACC00009,1140.81,2025-05-21T02:59:07
TXN002357,ACC00234,ACC00142,5330.92,2025-05-21T03:05:36
TXN002358,ACC00135,ACC00182,821.83,2025-05-21T03:30:44
TXN002359,ACC00005,ACC00269,623.51,2025-05-21T03:31:35
TXN002360,ACC00090,ACC00142,16145.56,2025-05-21T03:32:26
TXN002361,ACC00046,ACC00075,12955.39,2025-05-21T03:35:45
TXN002362,ACC00007,ACC00237,2487.74,2025-05-21T03:37:59
TXN002363,ACC00189,ACC00222,600.62,2025-05-21T03:49:31
TXN002364,ACC00079,ACC00127,1555.92,2025-05-21T03:58:16
TXN002365,ACC00258,ACC00021,1666.52,2025-05-21T04:02:25
TXN002366,ACC00177,ACC00118,7354.69,2025-05-21T04:11:00
TXN002367,ACC00150,ACC00159,1232.40,2025-05-21T04:57:13
TXN002368,ACC00271,ACC00097,10770.23,2025-05-21T05:57:50
TXN002369,ACC00203,ACC00170,8087.04,2025-05-21T06:04:01
TXN002370,ACC00165,ACC00148,1568.09,2025-05-21T06:23:52
TXN002371,ACC00125,ACC00076,1057.05,2025-05-21T06:58:33
TXN002372,ACC00095,ACC00251,170.52,2025-05-21T06:58:36
TXN002373,ACC00265,ACC00155,581.42,2025-05-21T14:08:15
TXN002374,ACC00197,ACC00148,1513.66,2025-05-21T14:59:21
TXN002375,ACC00110,ACC00174,1462.16,2025-05-21T15:03:42
TXN002376,ACC00094,ACC00047,302.61,2025-05-21T15:41:59
TXN002377,ACC00241,ACC00145,146.77,2025-05-21T16:17:54
TXN002378,ACC00119,ACC00284,1271.66,2025-05-21T16:28:25
TXN002379,ACC00035,ACC00271,631.33,2025-05-21T16:30:57
TXN002380,ACC00022,ACC00281,509.24,2025-05-21T17:13:52
TXN002381,ACC00082,ACC00281,2338.18,2025-05-21T17:20:38
TXN002382,ACC00029,ACC00083,482.65,2025-05-21T17:42:48
TXN002383,ACC00139,ACC00230,15148.18,2025-05-21T17:46:02
TXN002384,ACC00149,ACC00237,505.78,2025-05-21T17:53:50
TXN002385,ACC00276,ACC00118,21262.85,2025-05-21T18:04:16
TXN002386,ACC00287,ACC00103,982.56,2025-05-21T18:07:59
TXN002387,ACC00003,ACC00148,4615.81,2025-05-21T18:11:02
TXN002388,ACC00077,ACC00113,18831.12,2025-05-21T18:18:02
TXN002389,ACC00030,ACC00181,2106.57,2025-05-21T18:27:24
TXN002390,ACC00051,ACC00132,1313.32,2025-05-21T18:31:39
TXN002391,ACC00224,ACC00118,17965.54,2025-05-21T18:33:53
TXN002392,ACC00210,ACC00230,14015.65,2025-05-21T18:34:25
TXN002393,ACC00270,ACC00111,254.77,2025-05-21T18:36:06
TXN002394,ACC00083,ACC00066,1645.73,2025-05-21T18:36:41
TXN002395,ACC00042,ACC00037,1205.67,2025-05-21T18:44:47
TXN002396,ACC00197,ACC00168,574.25,2025-05-21T19:00:35
TXN002397,ACC00210,ACC00134,1864.40,2025-05-21T19:02:43
TXN002398,ACC00096,ACC00243,29218.30,2025-05-21T19:02:54
TXN002399,ACC00037,ACC00266,574.00,2025-05-21T19:05:22
TXN002400,ACC00253,ACC00222,812.04,2025-05-21T19:08:18
TXN002401,ACC00092,ACC00266,214.97,2025-05-21T19:08:21
TXN002402,ACC00105,ACC00155,419.96,2025-05-21T19:11:00
TXN002403,ACC00164,ACC00257,8383.50,2025-05-21T19:12:20
TXN002404,ACC00190,ACC00234,973.23,2025-05-21T19:23:25
TXN002405,ACC00241,ACC00222,2298.06,2025-05-21T19:35:56
TXN002406,ACC00108,ACC00144,1735.35,2025-05-21T19:43:24
TXN002407,ACC00258,ACC00138,398.66,2025-05-21T20:01:49
TXN002408,ACC00290,ACC00113,2254.11,2025-05-21T20:02:00
TXN002409,ACC00023,ACC00056,1174.33,2025-05-21T20:11:31
TXN002410,ACC00249,ACC00032,45889.86,2025-05-21T20:13:01
TXN002411,ACC00027,ACC00159,720.09,2025-05-21T20:24:15
TXN002412,ACC00174,ACC00278,1122.24,2025-05-21T20:24:30
TXN002413,ACC00277,ACC00195,1380.08,2025-05-21T20:41:17
TXN002414,ACC00242,ACC00207,34004.22,2025-05-21T20:46:56
TXN002415,ACC00069,ACC00257,30199.54,2025-05-21T20:52:54
TXN002416,ACC00205,ACC00161,2318.40,2025-05-21T20:57:25
TXN002417,ACC00124,ACC00159,1754.07,2025-05-21T21:23:43
TXN002418,ACC00065,ACC00050,2609.27,2025-05-21T21:24:38
TXN002419,ACC00025,ACC00257,31360.24,2025-05-21T21:25:14
TXN002420,ACC00110,ACC00080,1790.14,2025-05-21T21:25:37
TXN002421,ACC00193,ACC00039,721.46,2025-05-21T21:25:42
TXN002422,ACC00088,ACC00101,990.84,2025-05-21T21:48:27
TXN002423,ACC00179,ACC00230,11929.56,2025-05-21T21:53:00
TXN002424,ACC00096,ACC00198,1458.19,2025-05-21T22:10:04
TXN002425,ACC00128,ACC00148,2050.10,2025-05-21T22:15:50
TXN002426,ACC00206,ACC00250,18770.18,2025-05-21T22:17:58
TXN002427,ACC00255,ACC00182,448.74,2025-05-21T22:24:23
TXN002428,ACC00231,ACC00207,21354.67,2025-05-21T22:36:00
TXN002429,ACC00019,ACC00097,24942.54,2025-05-21T22:39:20
TXN002430,ACC00209,ACC00222,1138.97,2025-05-21T22:45:48
TXN002431,ACC00024,ACC00148,2189.71,2025-05-21T23:04:15
TXN002432,ACC00223,ACC00271,1497.76,2025-05-21T23:06:13
TXN002433,ACC00246,ACC00250,9767.14,2025-05-21T23:10:19
TXN002434,ACC00176,ACC00059,21795.51,2025-05-21T23:28:31
TXN002435,ACC00241,ACC00219,1185.99,2025-05-21T23:30:14
TXN002436,ACC00231,ACC00184,1695.58,2025-05-21T23:54:17
TXN002437,ACC00043,ACC00118,49406.33,2025-05-21T23:58:12
TXN002438,ACC00186,ACC00068,316.52,2025-05-21T23:59:42
TXN002439,ACC00218,ACC00187,873.00,2025-05-22T00:00:18
TXN002440,ACC00157,ACC00243,11748.72,2025-05-22T00:02:51
TXN002441,ACC00037,ACC00144,360.71,2025-05-22T00:03:58
TXN002442,ACC00125,ACC00257,7910.55,2025-05-22T00:05:38
TXN002443,ACC00152,ACC00181,2767.04,2025-05-22T00:06:23
TXN002444,ACC00192,ACC00221,205.61,2025-05-22T00:18:50
TXN002445,ACC00214,ACC00288,649.02,2025-05-22T00:19:43
TXN002446,ACC00190,ACC00089,7430.19,2025-05-22T00:27:01
TXN002447,ACC00020,ACC00243,16645.33,2025-05-22T00:28:45
TXN002448,ACC00188,ACC00142,12248.81,2025-05-22T00:30:40
TXN002449,ACC00251,ACC00012,5072.66,2025-05-22T00:42:53
TXN002450,ACC00109,ACC00093,598.87,2025-05-22T00:44:22
TXN002451,ACC00041,ACC00142,32569.95,2025-05-22T00:46:02
TXN002452,ACC00056,ACC00165,329.56,2025-05-22T00:48:04
TXN002453,ACC00025,ACC00018,1254.95,2025-05-22T01:03:16
TXN002454,ACC00081,ACC00219,1727.46,2025-05-22T01:03:54
TXN002455,ACC00031,ACC00050,507.78,2025-05-22T01:35:30
TXN002456,ACC00289,ACC00195,1194.60,2025-05-22T01:36:08
TXN002457,ACC00047,ACC00230,11961.21,2025-05-22T01:39:51
TXN002458,ACC00054,ACC00227,4741.82,2025-05-22T01:54:42
TXN002459,ACC00157,ACC00227,4561.53,2025-05-22T02:01:08
TXN002460,ACC00169,ACC00018,4053.88,2025-05-22T02:04:49
TXN002461,ACC00238,ACC00195,1838.54,2025-05-22T02:07:19
TXN002462,ACC00190,ACC00023,1084.64,2025-05-22T02:07:42
TXN002463,ACC00156,ACC00113,7992.10,2025-05-22T02:10:04
TXN002464,ACC00144,ACC00257,18330.35,2025-05-22T02:21:53
TXN002465,ACC00114,ACC00281,451.95,2025-05-22T02:25:58
TXN002466,ACC00188,ACC00142,30067.31,2025-05-22T02:27:30
TXN002467,ACC00066,ACC00269,928.49,2025-05-22T02:38:25
TXN002468,ACC00290,ACC00089,27001.74,2025-05-22T02:57:53
TXN002469,ACC00104,ACC00060,11983.41,2025-05-22T02:59:05
TXN002470,ACC00203,ACC00213,13562.77,2025-05-22T02:59:16
TXN002471,ACC00261,ACC00118,21217.62,2025-05-22T03:21:26
TXN002472,ACC00277,ACC00142,33130.37,2025-05-22T03:23:06
TXN002473,ACC00038,ACC00138,427.13,2025-05-22T03:38:59
TXN002474,ACC00087,ACC00266,821.14,2025-05-22T04:09:45
TXN002475,ACC00289,ACC00044,660.55,2025-05-22T04:16:33
TXN002476,ACC00030,ACC00266,2500.00,2025-05-22T04:25:30
TXN002477,ACC00067,ACC00170,8263.02,2025-05-22T05:05:51
TXN002478,ACC00235,ACC00213,22824.78,2025-05-22T05:14:41
TXN002479,ACC00186,ACC00278,890.78,2025-05-22T05:32:58
TXN002480,ACC00085,ACC00243,17129.81,2025-05-22T05:37:57
TXN002481,ACC00009,ACC00221,1564.44,2025-05-22T07:28:47
TXN002482,ACC00051,ACC00055,696.77,2025-05-22T09:05:52
TXN002483,ACC00180,ACC00266,257.33,2025-05-22T09:30:30
TXN002484,ACC00239,ACC00157,1335.15,2025-05-22T10:26:42
TXN002485,ACC00084,ACC00257,10092.15,2025-05-22T10:46:54
TXN002486,ACC00092,ACC00198,637.14,2025-05-22T11:59:26
TXN002487,ACC00240,ACC00021,1999.00,2025-05-22T13:14:42
TXN002488,ACC00191,ACC00210,639.73,2025-05-22T13:19:10
TXN002489,ACC00188,ACC00097,14687.62,2025-05-22T13:34:08
TXN002490,ACC00027,ACC00181,5739.64,2025-05-22T13:45:39
TXN002491,ACC00179,ACC00215,47526.18,2025-05-22T14:03:35
TXN002492,ACC00020,ACC00102,49689.98,2025-05-22T14:08:11
TXN002493,ACC00234,ACC00215,45639.56,2025-05-22T14:10:17
TXN002494,ACC00020,ACC00195,1392.22,2025-05-22T14:10:25
TXN002495,ACC00146,ACC00102,49021.09,2025-05-22T14:12:15
TXN002496,ACC00286,ACC00059,4922.12,2025-05-22T14:21:26
TXN002497,ACC00065,ACC00215,46090.68,2025-05-22T14:27:41
TXN002498,ACC00037,ACC00215,45257.92,2025-05-22T14:33:47
TXN002499,ACC00215,ACC00112,48980.05,2025-05-22T14:35:51
TXN002500,ACC00215,ACC00048,49289.65,2025-05-22T14:37:04
TXN002501,ACC00215,ACC00120,45869.91,2025-05-22T14:38:17
TXN002502,ACC00215,ACC00259,45555.18,2025-05-22T14:39:02
TXN002503,ACC00215,ACC00014,48693.25,2025-05-22T14:39:52
TXN002504,ACC00231,ACC00102,48275.44,2025-05-22T14:46:43
TXN002505,ACC00134,ACC00102,46216.08,2025-05-22T14:47:54
TXN002506,ACC00102,ACC00048,49120.90,2025-05-22T14:49:31
TXN002507,ACC00102,ACC00259,45725.81,2025-05-22T14:52:34
TXN002508,ACC00102,ACC00120,47876.55,2025-05-22T14:53:22
TXN002509,ACC00102,ACC00112,49866.21,2025-05-22T14:53:50
TXN002510,ACC00102,ACC00014,46512.84,2025-05-22T14:55:18
TXN002511,ACC00120,ACC00217,46260.24,2025-05-22T14:55:40
TXN002512,ACC00120,ACC00115,49483.44,2025-05-22T14:56:00
TXN002513,ACC00259,ACC00058,48686.97,2025-05-22T14:56:01
TXN002514,ACC00259,ACC00072,45877.13,2025-05-22T14:57:09
TXN002515,ACC00259,ACC00017,49821.28,2025-05-22T14:57:14
TXN002516,ACC00112,ACC00126,45586.73,2025-05-22T14:57:15
TXN002517,ACC00112,ACC00045,49227.09,2025-05-22T14:57:33
TXN002518,ACC00217,ACC00281,48139.90,2025-05-22T14:58:19
TXN002519,ACC00072,ACC00281,45829.50,2025-05-22T14:58:22
TXN002520,ACC00048,ACC00280,45819.20,2025-05-22T14:58:54
TXN002521,ACC00048,ACC00141,49495.15,2025-05-22T14:59:06
TXN002522,ACC00014,ACC00053,45636.36,2025-05-22T14:59:32
TXN002523,ACC00014,ACC00016,46640.05,2025-05-22T15:00:23
TXN002524,ACC00141,ACC00173,47902.37,2025-05-22T15:01:17
TXN002525,ACC00045,ACC00111,49537.86,2025-05-22T15:01:23
TXN002526,ACC00017,ACC00173,46178.75,2025-05-22T15:01:37
TXN002527,ACC00014,ACC00013,45279.98,2025-05-22T15:02:16
TXN002528,ACC00126,ACC00173,46996.65,2025-05-22T15:03:07
TXN002529,ACC00280,ACC00173,48262.26,2025-05-22T15:04:08
TXN002530,ACC00013,ACC00175,47932.78,2025-05-22T15:04:16
TXN002531,ACC00058,ACC00111,48985.49,2025-05-22T15:04:35
TXN002532,ACC00016,ACC00269,49351.52,2025-05-22T15:05:24
TXN002533,ACC00115,ACC00281,46887.72,2025-05-22T15:05:32
TXN002534,ACC00053,ACC00080,48584.94,2025-05-22T15:05:58
TXN002535,ACC00223,ACC00184,1921.72,2025-05-22T15:13:23
TXN002536,ACC00216,ACC00250,14518.28,2025-05-22T15:17:25
TXN002537,ACC00255,ACC00146,758.25,2025-05-22T15:19:52
TXN002538,ACC00229,ACC00060,11490.12,2025-05-22T15:50:15
TXN002539,ACC00123,ACC00026,447.78,2025-05-22T15:51:11
TXN002540,ACC00091,ACC00180,1152.60,2025-05-22T16:04:57
TXN002541,ACC00277,ACC00257,6547.39,2025-05-22T16:17:15
TXN002542,ACC00042,ACC00154,686.93,2025-05-22T16:34:54
TXN002543,ACC00128,ACC00281,157.43,2025-05-22T16:37:16
TXN002544,ACC00285,ACC00243,45000.00,2025-05-22T17:03:17
TXN002545,ACC00186,ACC00097,14644.76,2025-05-22T17:17:56
TXN002546,ACC00082,ACC00018,5635.87,2025-05-22T17:21:34
TXN002547,ACC00283,ACC00148,2475.50,2025-05-22T17:32:37
TXN002548,ACC00254,ACC00194,758.07,2025-05-22T17:33:53
TXN002549,ACC00268,ACC00039,1109.22,2025-05-22T17:43:56
TXN002550,ACC00073,ACC00250,8124.01,2025-05-22T17:48:26
TXN002551,ACC00180,ACC00281,2497.96,2025-05-22T17:51:10
TXN002552,ACC00139,ACC00170,5527.74,2025-05-22T18:03:17
TXN002553,ACC00108,ACC00032,19509.19,2025-05-22T18:04:12
TXN002554,ACC00272,ACC00142,12918.05,2025-05-22T18:09:18
TXN002555,ACC00172,ACC00266,1602.95,2025-05-22T18:16:32
TXN002556,ACC00288,ACC00214,939.24,2025-05-22T18:33:14
TXN002557,ACC00145,ACC00089,7181.54,2025-05-22T18:33:30
TXN002558,ACC00238,ACC00093,1104.03,2025-05-22T18:38:05
TXN002559,ACC00105,ACC00026,981.82,2025-05-22T18:40:50
TXN002560,ACC00153,ACC00156,1751.45,2025-05-22T18:43:38
TXN002561,ACC00201,ACC00097,4743.93,2025-05-22T19:01:57
TXN002562,ACC00130,ACC00068,687.03,2025-05-22T19:07:14
TXN002563,ACC00049,ACC00161,3118.45,2025-05-22T19:08:43
TXN002564,ACC00264,ACC00222,1174.70,2025-05-22T19:15:34
TXN002565,ACC00260,ACC00108,269.61,2025-05-22T19:18:16
TXN002566,ACC00030,ACC00021,1312.05,2025-05-22T19:31:18
TXN002567,ACC00270,ACC00181,2175.67,2025-05-22T19:36:48
TXN002568,ACC00034,ACC00068,1222.02,2025-05-22T19:38:18
TXN002569,ACC00208,ACC00195,4119.17,2025-05-22T19:40:40
TXN002570,ACC00140,ACC00213,16532.40,2025-05-22T19:41:56
TXN002571,ACC00116,ACC00082,2856.73,2025-05-22T19:45:00
TXN002572,ACC00226,ACC00271,2955.30,2025-05-22T19:53:40
TXN002573,ACC00007,ACC00018,3550.67,2025-05-22T20:00:04
TXN002574,ACC00255,ACC00170,12306.41,2025-05-22T20:14:14
TXN002575,ACC00082,ACC00077,4005.96,2025-05-22T20:15:00
TXN002576,ACC00268,ACC00039,933.58,2025-05-22T20:17:12
TXN002577,ACC00164,ACC00266,1458.66,2025-05-22T20:21:54
TXN002578,ACC00001,ACC00012,1226.93,2025-05-22T20:25:46
TXN002579,ACC00260,ACC00195,3452.82,2025-05-22T20:35:35
TXN002580,ACC00088,ACC00159,3000.00,2025-05-22T20:37:27
TXN002581,ACC00114,ACC00085,591.89,2025-05-22T20:45:33
TXN002582,ACC00015,ACC00269,1429.63,2025-05-22T20:45:35
TXN002583,ACC00149,ACC00275,510.07,2025-05-22T20:54:27
TXN002584,ACC00244,ACC00181,2660.85,2025-05-22T20:55:34
TXN002585,ACC00123,ACC00068,491.66,2025-05-22T20:57:02
TXN002586,ACC00086,ACC00184,1402.28,2025-05-22T21:20:25
TXN002587,ACC00255,ACC00278,1602.44,2025-05-22T21:32:55
TXN002588,ACC00276,ACC00207,14262.81,2025-05-22T21:43:39
TXN002589,ACC00090,ACC00089,18886.19,2025-05-22T21:46:07
TXN002590,ACC00174,ACC00142,8120.99,2025-05-22T21:47:11
TXN002591,ACC00245,ACC00170,14220.60,2025-05-22T21:48:01
TXN002592,ACC00256,ACC00155,1639.08,2025-05-22T21:50:07
TXN002593,ACC00285,ACC00168,1250.32,2025-05-22T21:54:24
TXN002594,ACC00009,ACC00213,16209.10,2025-05-22T22:47:56
TXN002595,ACC00228,ACC00243,8359.62,2025-05-22T23:12:53
TXN002596,ACC00189,ACC00159,1415.69,2025-05-22T23:26:42
TXN002597,ACC00085,ACC00181,4381.09,2025-05-22T23:34:55
TXN002598,ACC00255,ACC00257,5031.64,2025-05-22T23:43:33
TXN002599,ACC00033,ACC00198,2275.39,2025-05-22T23:54:02
TXN002600,ACC00212,ACC00076,1564.02,2025-05-23T00:09:34
TXN002601,ACC00065,ACC00187,968.73,2025-05-23T00:11:53
TXN002602,ACC00153,ACC00042,4174.35,2025-05-23T00:14:58
TXN002603,ACC00100,ACC00170,3709.58,2025-05-23T00:22:11
TXN002604,ACC00265,ACC00187,828.17,2025-05-23T00:29:00
TXN002605,ACC00003,ACC00127,721.32,2025-05-23T00:29:49
TXN002606,ACC00038,ACC00075,8323.57,2025-05-23T00:51:22
TXN002607,ACC00122,ACC00221,501.27,2025-05-23T01:01:03
TXN002608,ACC00009,ACC00038,1236.58,2025-05-23T01:05:13
TXN002609,ACC00095,ACC00187,1548.18,2025-05-23T01:10:02
TXN002610,ACC00188,ACC00284,691.39,2025-05-23T01:10:56
TXN002611,ACC00137,ACC00187,286.01,2025-05-23T01:18:07
TXN002612,ACC00025,ACC00195,668.95,2025-05-23T01:31:13
TXN002613,ACC00116,ACC00213,45029.61,2025-05-23T01:52:11
TXN002614,ACC00228,ACC00061,1905.24,2025-05-23T01:59:02
TXN002615,ACC00197,ACC00118,9450.30,2025-05-23T02:09:01
TXN002616,ACC00154,ACC00159,778.39,2025-05-23T02:16:37
TXN002617,ACC00078,ACC00237,732.99,2025-05-23T02:19:36
TXN002618,ACC00158,ACC00068,418.19,2025-05-23T02:22:48
TXN002619,ACC00279,ACC00187,492.66,2025-05-23T02:25:26
TXN002620,ACC00211,ACC00222,498.70,2025-05-23T02:27:23
TXN002621,ACC00063,ACC00257,13661.17,2025-05-23T02:28:55
TXN002622,ACC00232,ACC00218,592.12,2025-05-23T02:42:04
TXN002623,ACC00046,ACC00080,1126.80,2025-05-23T02:49:26
TXN002624,ACC00079,ACC00156,638.51,2025-05-23T02:56:36
TXN002625,ACC00202,ACC00227,1844.35,2025-05-23T02:59:21
TXN002626,ACC00186,ACC00227,2375.21,2025-05-23T03:16:57
TXN002627,ACC00015,ACC00109,1088.60,2025-05-23T03:24:56
TXN002628,ACC00071,ACC00138,1015.36,2025-05-23T03:29:49
TXN002629,ACC00157,ACC00239,1970.35,2025-05-23T03:30:07
TXN002630,ACC00027,ACC00059,30855.56,2025-05-23T03:31:08
TXN002631,ACC00236,ACC00159,2417.56,2025-05-23T03:31:18
TXN002632,ACC00042,ACC00153,402.24,2025-05-23T03:31:37
TXN002633,ACC00137,ACC00159,535.29,2025-05-23T03:38:00
TXN002634,ACC00064,ACC00113,20532.15,2025-05-23T03:38:10
TXN002635,ACC00290,ACC00195,2647.13,2025-05-23T03:52:31
TXN002636,ACC00144,ACC00237,505.89,2025-05-23T03:54:27
TXN002637,ACC00276,ACC00093,1686.11,2025-05-23T03:55:55
TXN002638,ACC00136,ACC00142,35773.11,2025-05-23T03:58:38
TXN002639,ACC00206,ACC00250,24377.09,2025-05-23T04:02:34
TXN002640,ACC00289,ACC00021,1971.73,2025-05-23T04:18:08
TXN002641,ACC00171,ACC00060,20220.43,2025-05-23T04:39:28
TXN002642,ACC00258,ACC00243,21787.98,2025-05-23T04:50:42
TXN002643,ACC00264,ACC00266,1121.82,2025-05-23T05:15:02
TXN002644,ACC00220,ACC00225,1534.54,2025-05-23T05:22:03
TXN002645,ACC00203,ACC00143,1814.26,2025-05-23T05:43:01
TXN002646,ACC00035,ACC00257,17553.46,2025-05-23T05:50:04
TXN002647,ACC00052,ACC00243,15932.06,2025-05-23T05:51:10
TXN002648,ACC00109,ACC00138,622.52,2025-05-23T06:04:30
TXN002649,ACC00282,ACC00207,6959.20,2025-05-23T06:52:20
TXN002650,ACC00249,ACC00284,471.54,2025-05-23T06:54:59
TXN002651,ACC00180,ACC00250,7144.58,2025-05-23T07:06:35
TXN002652,ACC00146,ACC00219,536.01,2025-05-23T07:14:21
TXN002653,ACC00084,ACC00181,1857.26,2025-05-23T11:45:52
TXN002654,ACC00069,ACC00113,54583.15,2025-05-23T13:33:26
TXN002655,ACC00240,ACC00181,5377.12,2025-05-23T15:34:15
TXN002656,ACC00002,ACC00142,27675.88,2025-05-23T16:32:08
TXN002657,ACC00258,ACC00159,944.99,2025-05-23T16:35:02
TXN002658,ACC00020,ACC00076,868.56,2025-05-23T16:53:11
TXN002659,ACC00214,ACC00288,680.33,2025-05-23T16:55:14
TXN002660,ACC00273,ACC00257,18683.81,2025-05-23T16:56:06
TXN002661,ACC00276,ACC00148,9655.69,2025-05-23T17:10:12
TXN002662,ACC00073,ACC00258,537.16,2025-05-23T17:14:28
TXN002663,ACC00086,ACC00285,562.12,2025-05-23T17:23:37
TXN002664,ACC00194,ACC00026,733.55,2025-05-23T17:28:57
TXN002665,ACC00127,ACC00032,21750.73,2025-05-23T17:33:30
TXN002666,ACC00183,ACC00250,5854.06,2025-05-23T17:42:17
TXN002667,ACC00201,ACC00056,700.92,2025-05-23T18:03:12
TXN002668,ACC00183,ACC00093,851.74,2025-05-23T18:12:55
TXN002669,ACC00261,ACC00018,5276.75,2025-05-23T18:25:43
TXN002670,ACC00199,ACC00286,810.87,2025-05-23T18:58:50
TXN002671,ACC00245,ACC00184,2835.84,2025-05-23T19:12:47
TXN002672,ACC00282,ACC00012,8215.14,2025-05-23T19:15:24
TXN002673,ACC00147,ACC00076,727.60,2025-05-23T19:24:00
TXN002674,ACC00066,ACC00111,430.41,2025-05-23T19:34:52
TXN002675,ACC00176,ACC00219,652.04,2025-05-23T19:39:26
TXN002676,ACC00039,ACC00020,357.36,2025-05-23T19:41:34
TXN002677,ACC00119,ACC00170,20263.67,2025-05-23T19:43:53
TXN002678,ACC00073,ACC00230,1493.45,2025-05-23T20:03:00
TXN002679,ACC00105,ACC00012,1737.35,2025-05-23T20:12:12
TXN002680,ACC00196,ACC00277,1641.83,2025-05-23T20:33:43
TXN002681,ACC00290,ACC00275,258.90,2025-05-23T20:38:54
TXN002682,ACC00046,ACC00097,8782.20,2025-05-23T20:39:49
TXN002683,ACC00147,ACC00219,1051.92,2025-05-23T20:44:44
TXN002684,ACC00252,ACC00278,1007.80,2025-05-23T20:52:18
TXN002685,ACC00065,ACC00254,1958.60,2025-05-23T21:13:26
TXN002686,ACC00276,ACC00278,1104.52,2025-05-23T21:14:12
TXN002687,ACC00189,ACC00074,1020.51,2025-05-23T21:23:22
TXN002688,ACC00233,ACC00281,1203.05,2025-05-23T21:31:03
TXN002689,ACC00273,ACC00060,5302.79,2025-05-23T21:33:30
TXN002690,ACC00190,ACC00250,10763.35,2025-05-23T21:43:44
TXN002691,ACC00042,ACC00230,17458.46,2025-05-23T21:44:04
TXN002692,ACC00157,ACC00018,3013.73,2025-05-23T21:44:09
TXN002693,ACC00090,ACC00179,458.37,2025-05-23T21:52:40
TXN002694,ACC00033,ACC00175,1066.50,2025-05-23T22:00:44
TXN002695,ACC00210,ACC00148,10388.19,2025-05-23T22:30:13
TXN002696,ACC00096,ACC00148,4339.23,2025-05-23T22:39:08
TXN002697,ACC00009,ACC00038,2797.45,2025-05-23T22:40:17
TXN002698,ACC00172,ACC00269,760.52,2025-05-23T22:40:19
TXN002699,ACC00073,ACC00018,7632.30,2025-05-23T23:06:29
TXN002700,ACC00063,ACC00181,1089.01,2025-05-23T23:08:44
TXN002701,ACC00186,ACC00138,864.38,2025-05-23T23:17:28
TXN002702,ACC00134,ACC00184,4122.50,2025-05-23T23:21:15
TXN002703,ACC00287,ACC00103,1895.51,2025-05-23T23:34:36
TXN002704,ACC00182,ACC00142,20465.18,2025-05-23T23:45:03
TXN002705,ACC00047,ACC00068,944.32,2025-05-23T23:46:08
TXN002706,ACC00193,ACC00039,459.17,2025-05-23T23:47:36
TXN002707,ACC00156,ACC00113,2813.21,2025-05-23T23:49:00
TXN002708,ACC00239,ACC00221,1155.05,2025-05-23T23:49:23
TXN002709,ACC00062,ACC00026,2392.37,2025-05-24T00:02:06
TXN002710,ACC00186,ACC00012,2249.33,2025-05-24T00:02:20
TXN002711,ACC00140,ACC00221,519.10,2025-05-24T00:09:02
TXN002712,ACC00248,ACC00050,2578.09,2025-05-24T00:11:04
TXN002713,ACC00240,ACC00106,707.85,2025-05-24T00:20:51
TXN002714,ACC00128,ACC00113,21881.35,2025-05-24T00:28:40
TXN002715,ACC00001,ACC00059,29251.56,2025-05-24T00:30:08
TXN002716,ACC00054,ACC00057,1832.35,2025-05-24T00:37:00
TXN002717,ACC00251,ACC00230,42374.48,2025-05-24T00:45:29
TXN002718,ACC00040,ACC00068,1405.52,2025-05-24T00:47:39
TXN002719,ACC00015,ACC00161,5324.04,2025-05-24T00:55:03
TXN002720,ACC00139,ACC00132,957.54,2025-05-24T01:05:00
TXN002721,ACC00185,ACC00222,586.23,2025-05-24T01:16:38
TXN002722,ACC00171,ACC00161,1693.94,2025-05-24T01:19:26
TXN002723,ACC00113,ACC00269,3536.85,2025-05-24T01:21:00
TXN002724,ACC00083,ACC00168,655.87,2025-05-24T01:24:09
TXN002725,ACC00163,ACC00161,2192.25,2025-05-24T01:27:40
TXN002726,ACC00239,ACC00142,11661.98,2025-05-24T01:45:37
TXN002727,ACC00063,ACC00222,1140.96,2025-05-24T01:55:51
TXN002728,ACC00082,ACC00097,23581.32,2025-05-24T01:58:15
TXN002729,ACC00178,ACC00243,15554.71,2025-05-24T02:01:55
TXN002730,ACC00252,ACC00281,1323.12,2025-05-24T02:07:00
TXN002731,ACC00125,ACC00195,1281.10,2025-05-24T02:16:08
TXN002732,ACC00226,ACC00159,2394.30,2025-05-24T02:18:53
TXN002733,ACC00276,ACC00251,1108.21,2025-05-24T02:21:04
TXN002734,ACC00274,ACC00261,1187.03,2025-05-24T02:25:28
TXN002735,ACC00150,ACC00148,3773.27,2025-05-24T02:31:10
TXN002736,ACC00273,ACC00257,4265.96,2025-05-24T02:35:30
TXN002737,ACC00267,ACC00026,796.85,2025-05-24T02:35:34
TXN002738,ACC00061,ACC00221,730.75,2025-05-24T02:38:40
TXN002739,ACC00047,ACC00138,751.75,2025-05-24T02:48:49
TXN002740,ACC00042,ACC00039,545.98,2025-05-24T02:52:16
TXN002741,ACC00248,ACC00279,1120.76,2025-05-24T02:55:19
TXN002742,ACC00180,ACC00213,18106.09,2025-05-24T03:21:14
TXN002743,ACC00228,ACC00257,3623.15,2025-05-24T03:23:57
TXN002744,ACC00196,ACC00207,15612.77,2025-05-24T03:41:49
TXN002745,ACC00230,ACC00175,2496.16,2025-05-24T03:47:00
TXN002746,ACC00088,ACC00050,2381.74,2025-05-24T04:18:27
TXN002747,ACC00087,ACC00221,488.40,2025-05-24T04:23:48
TXN002748,ACC00004,ACC00119,397.77,2025-05-24T04:25:53
TXN002749,ACC00009,ACC00135,2366.05,2025-05-24T04:33:33
TXN002750,ACC00164,ACC00148,1450.29,2025-05-24T05:03:15
TXN002751,ACC00025,ACC00281,747.49,2025-05-24T05:10:03
TXN002752,ACC00128,ACC00142,11384.30,2025-05-24T05:11:34
TXN002753,ACC00086,ACC00207,21598.87,2025-05-24T05:15:41
TXN002754,ACC00150,ACC00059,6752.20,2025-05-24T05:35:46
TXN002755,ACC00246,ACC00018,3254.46,2025-05-24T05:44:46
TXN002756,ACC00136,ACC00269,729.45,2025-05-24T05:57:34
TXN002757,ACC00019,ACC00221,982.27,2025-05-24T06:05:15
TXN002758,ACC00028,ACC00021,5267.42,2025-05-24T06:35:09
TXN002759,ACC00225,ACC00227,1057.78,2025-05-24T06:50:45
TXN002760,ACC00134,ACC00221,1731.52,2025-05-24T06:58:28
TXN002761,ACC00174,ACC00127,634.28,2025-05-24T07:21:13
TXN002762,ACC00171,ACC00250,26399.52,2025-05-24T07:28:56
TXN002763,ACC00177,ACC00251,725.85,2025-05-24T07:30:24
TXN002764,ACC00123,ACC00250,8493.21,2025-05-24T07:46:47
TXN002765,ACC00239,ACC00184,867.22,2025-05-24T08:01:31
TXN002766,ACC00095,ACC00059,15076.48,2025-05-24T11:06:21
TXN002767,ACC00071,ACC00018,6351.02,2025-05-24T11:34:03
TXN002768,ACC00039,ACC00251,282.70,2025-05-24T13:40:50
TXN002769,ACC00246,ACC00068,1382.85,2025-05-24T14:40:59
TXN002770,ACC00231,ACC00159,1303.93,2025-05-24T14:43:34
TXN002771,ACC00088,ACC00021,3505.79,2025-05-24T15:15:22
TXN002772,ACC00024,ACC00143,1415.83,2025-05-24T15:19:19
TXN002773,ACC00190,ACC00148,5870.10,2025-05-24T15:40:51
TXN002774,ACC00095,ACC00284,677.72,2025-05-24T15:44:21
TXN002775,ACC00007,ACC00174,1474.04,2025-05-24T16:01:24
TXN002776,ACC00285,ACC00142,12333.37,2025-05-24T16:08:30
TXN002777,ACC00130,ACC00148,8877.00,2025-05-24T16:20:40
TXN002778,ACC00005,ACC00118,38083.22,2025-05-24T16:41:51
TXN002779,ACC00040,ACC00195,2086.18,2025-05-24T16:50:53
TXN002780,ACC00206,ACC00195,2002.18,2025-05-24T17:08:09
TXN002781,ACC00009,ACC00038,597.22,2025-05-24T17:09:55
TXN002782,ACC00204,ACC00111,773.26,2025-05-24T17:24:26
TXN002783,ACC00099,ACC00207,4891.75,2025-05-24T17:30:06
TXN002784,ACC00151,ACC00198,2341.51,2025-05-24T17:33:56
TXN002785,ACC00028,ACC00012,4676.81,2025-05-24T17:37:26
TXN002786,ACC00210,ACC00050,2010.81,2025-05-24T17:48:04
TXN002787,ACC00005,ACC00258,538.25,2025-05-24T18:05:31
TXN002788,ACC00158,ACC00159,450.53,2025-05-24T18:08:20
TXN002789,ACC00169,ACC00269,503.25,2025-05-24T18:17:48
TXN002790,ACC00160,ACC00097,5693.27,2025-05-24T18:40:19
TXN002791,ACC00124,ACC00138,1424.58,2025-05-24T19:06:25
TXN002792,ACC00103,ACC00266,323.25,2025-05-24T19:18:41
TXN002793,ACC00212,ACC00021,4690.52,2025-05-24T19:21:57
TXN002794,ACC00185,ACC00082,1121.77,2025-05-24T19:40:00
TXN002795,ACC00088,ACC00195,3180.27,2025-05-24T19:42:31
TXN002796,ACC00263,ACC00019,826.78,2025-05-24T19:49:28
TXN002797,ACC00261,ACC00187,568.40,2025-05-24T19:55:57
TXN002798,ACC00185,ACC00230,10032.79,2025-05-24T20:07:38
TXN002799,ACC00015,ACC00252,837.57,2025-05-24T20:25:36
TXN002800,ACC00137,ACC00195,1796.97,2025-05-24T20:25:48
TXN002801,ACC00156,ACC00079,508.35,2025-05-24T21:06:40
TXN002802,ACC00162,ACC00198,1361.98,2025-05-24T21:07:41
TXN002803,ACC00099,ACC00241,919.69,2025-05-24T21:16:09
TXN002804,ACC00022,ACC00213,25976.17,2025-05-24T21:20:57
TXN002805,ACC00216,ACC00075,11755.62,2025-05-24T21:28:28
TXN002806,ACC00226,ACC00195,1078.10,2025-05-24T21:41:51
TXN002807,ACC00156,ACC00097,16599.95,2025-05-24T21:45:33
TXN002808,ACC00171,ACC00125,461.54,2025-05-24T21:46:08
TXN002809,ACC00091,ACC00170,39118.76,2025-05-24T21:52:26
TXN002810,ACC00143,ACC00012,4255.11,2025-05-24T21:53:56
TXN002811,ACC00056,ACC00257,5409.04,2025-05-24T22:00:41
TXN002812,ACC00121,ACC00136,1792.07,2025-05-24T22:01:20
TXN002813,ACC00168,ACC00093,2758.71,2025-05-24T22:02:38
TXN002814,ACC00121,ACC00155,1733.54,2025-05-24T22:09:54
TXN002815,ACC00172,ACC00243,15379.72,2025-05-24T22:20:41
TXN002816,ACC00174,ACC00198,3439.34,2025-05-24T22:52:16
TXN002817,ACC00208,ACC00138,976.47,2025-05-24T22:54:21
TXN002818,ACC00064,ACC00222,376.13,2025-05-24T23:09:14
TXN002819,ACC00261,ACC00279,582.95,2025-05-24T23:22:07
TXN002820,ACC00242,ACC00216,3292.12,2025-05-24T23:48:51
TXN002821,ACC00086,ACC00227,1283.72,2025-05-25T00:00:58
TXN002822,ACC00101,ACC00088,1809.33,2025-05-25T00:03:23
TXN002823,ACC00220,ACC00155,1124.37,2025-05-25T00:19:20
TXN002824,ACC00034,ACC00118,25924.60,2025-05-25T00:24:55
TXN002825,ACC00037,ACC00144,1307.98,2025-05-25T00:31:07
TXN002826,ACC00047,ACC00198,3563.39,2025-05-25T00:56:22
TXN002827,ACC00144,ACC00254,334.43,2025-05-25T01:01:07
TXN002828,ACC00096,ACC00128,566.08,2025-05-25T01:06:34
TXN002829,ACC00135,ACC00021,540.77,2025-05-25T01:21:26
TXN002830,ACC00074,ACC00186,1598.87,2025-05-25T01:21:31
TXN002831,ACC00084,ACC00281,498.11,2025-05-25T01:36:36
TXN002832,ACC00196,ACC00163,844.16,2025-05-25T01:45:28
TXN002833,ACC00229,ACC00154,1448.05,2025-05-25T01:51:19
TXN002834,ACC00003,ACC00125,1630.97,2025-05-25T01:55:40
TXN002835,ACC00119,ACC00267,525.41,2025-05-25T01:56:06
TXN002836,ACC00042,ACC00213,6597.52,2025-05-25T01:56:37
TXN002837,ACC00099,ACC00113,7998.72,2025-05-25T02:08:03
TXN002838,ACC00082,ACC00026,3000.00,2025-05-25T02:14:10
TXN002839,ACC00079,ACC00050,1595.33,2025-05-25T02:16:30
TXN002840,ACC00039,ACC00032,16711.51,2025-05-25T02:17:40
TXN002841,ACC00229,ACC00243,8515.28,2025-05-25T02:25:25
TXN002842,ACC00289,ACC00060,4570.50,2025-05-25T02:42:53
TXN002843,ACC00033,ACC00148,8290.38,2025-05-25T02:59:55
TXN002844,ACC00020,ACC00221,665.20,2025-05-25T03:06:44
TXN002845,ACC00209,ACC00173,1280.37,2025-05-25T03:09:47
TXN002846,ACC00066,ACC00227,3154.00,2025-05-25T03:15:37
TXN002847,ACC00166,ACC00269,656.26,2025-05-25T03:20:20
TXN002848,ACC00287,ACC00078,705.97,2025-05-25T03:23:32
TXN002849,ACC00114,ACC00284,239.51,2025-05-25T03:23:36
TXN002850,ACC00157,ACC00046,238.03,2025-05-25T03:28:31
TXN002851,ACC00272,ACC00032,17788.04,2025-05-25T03:29:26
TXN002852,ACC00189,ACC00118,21818.38,2025-05-25T03:37:12
TXN002853,ACC00239,ACC00050,3139.49,2025-05-25T03:43:40
TXN002854,ACC00150,ACC00067,2157.90,2025-05-25T03:56:33
TXN002855,ACC00205,ACC00111,331.48,2025-05-25T03:59:04
TXN002856,ACC00031,ACC00092,419.75,2025-05-25T04:03:25
TXN002857,ACC00135,ACC00009,256.70,2025-05-25T04:07:00
TXN002858,ACC00264,ACC00252,1328.92,2025-05-25T04:23:24
TXN002859,ACC00164,ACC00184,5843.91,2025-05-25T04:40:44
TXN002860,ACC00081,ACC00021,1692.74,2025-05-25T04:42:32
TXN002861,ACC00147,ACC00121,2238.11,2025-05-25T04:47:49
TXN002862,ACC00034,ACC00161,836.11,2025-05-25T04:50:19
TXN002863,ACC00082,ACC00219,2745.68,2025-05-25T05:38:40
TXN002864,ACC00074,ACC00097,21546.80,2025-05-25T05:43:11
TXN002865,ACC00100,ACC00168,421.52,2025-05-25T05:49:49
TXN002866,ACC00162,ACC00221,948.30,2025-05-25T05:54:15
TXN002867,ACC00153,ACC00155,1418.93,2025-05-25T06:31:17
TXN002868,ACC00033,ACC00092,1280.52,2025-05-25T06:54:01
TXN002869,ACC00109,ACC00222,661.97,2025-05-25T07:23:59
TXN002870,ACC00158,ACC00213,10375.02,2025-05-25T07:42:37
TXN002871,ACC00275,ACC00138,1171.55,2025-05-25T07:44:54
TXN002872,ACC00188,ACC00021,1380.44,2025-05-25T08:16:54
TXN002873,ACC00074,ACC00024,773.64,2025-05-25T10:05:09
TXN002874,ACC00203,ACC00018,6003.56,2025-05-25T12:51:19
TXN002875,ACC00186,ACC00059,41574.89,2025-05-25T13:27:23
TXN002876,ACC00264,ACC00215,47378.96,2025-05-25T14:07:36
TXN002877,ACC00253,ACC00102,47451.16,2025-05-25T14:24:49
TXN002878,ACC00024,ACC00215,49330.40,2025-05-25T14:25:40
TXN002879,ACC00157,ACC00215,47101.64,2025-05-25T14:32:25
TXN002880,ACC00203,ACC00215,47718.54,2025-05-25T14:36:23
TXN002881,ACC00215,ACC00259,45311.09,2025-05-25T14:41:30
TXN002882,ACC00215,ACC00014,46465.40,2025-05-25T14:41:54
TXN002883,ACC00215,ACC00112,49789.18,2025-05-25T14:43:18
TXN002884,ACC00215,ACC00120,47260.11,2025-05-25T14:44:08
TXN002885,ACC00119,ACC00102,46542.02,2025-05-25T14:45:26
TXN002886,ACC00215,ACC00048,45714.82,2025-05-25T14:46:11
TXN002887,ACC00180,ACC00102,48369.98,2025-05-25T14:58:50
TXN002888,ACC00103,ACC00102,49466.92,2025-05-25T14:59:56
TXN002889,ACC00102,ACC00014,46570.41,2025-05-25T15:01:14
TXN002890,ACC00102,ACC00112,48663.79,2025-05-25T15:04:34
TXN002891,ACC00102,ACC00120,45404.98,2025-05-25T15:04:52
TXN002892,ACC00014,ACC00053,46470.97,2025-05-25T15:06:49
TXN002893,ACC00120,ACC00115,46252.81,2025-05-25T15:07:18
TXN002894,ACC00112,ACC00045,46732.37,2025-05-25T15:07:21
TXN002895,ACC00102,ACC00048,49586.46,2025-05-25T15:07:49
TXN002896,ACC00045,ACC00173,45285.42,2025-05-25T15:08:22
TXN002897,ACC00102,ACC00259,45813.96,2025-05-25T15:08:33
TXN002898,ACC00014,ACC00013,45245.72,2025-05-25T15:08:40
TXN002899,ACC00014,ACC00016,49629.22,2025-05-25T15:09:09
TXN002900,ACC00259,ACC00058,45982.55,2025-05-25T15:10:09
TXN002901,ACC00048,ACC00280,47739.56,2025-05-25T15:10:53
TXN002902,ACC00048,ACC00141,46081.21,2025-05-25T15:11:17
TXN002903,ACC00259,ACC00017,48057.27,2025-05-25T15:11:22
TXN002904,ACC00120,ACC00217,45800.93,2025-05-25T15:12:27
TXN002905,ACC00115,ACC00175,48810.15,2025-05-25T15:12:56
TXN002906,ACC00141,ACC00173,45308.77,2025-05-25T15:13:21
TXN002907,ACC00112,ACC00126,47128.03,2025-05-25T15:14:16
TXN002908,ACC00053,ACC00269,47331.15,2025-05-25T15:14:31
TXN002909,ACC00217,ACC00111,48778.40,2025-05-25T15:16:24
TXN002910,ACC00280,ACC00111,48928.41,2025-05-25T15:16:34
TXN002911,ACC00016,ACC00269,48425.70,2025-05-25T15:16:50
TXN002912,ACC00058,ACC00281,45915.66,2025-05-25T15:17:56
TXN002913,ACC00259,ACC00072,45383.64,2025-05-25T15:18:03
TXN002914,ACC00013,ACC00173,47007.07,2025-05-25T15:18:15
TXN002915,ACC00017,ACC00173,46888.61,2025-05-25T15:19:03
TXN002916,ACC00126,ACC00173,45770.19,2025-05-25T15:20:22
TXN002917,ACC00072,ACC00175,45222.70,2025-05-25T15:24:24
TXN002918,ACC00029,ACC00281,844.22,2025-05-25T15:28:14
TXN002919,ACC00255,ACC00118,7820.87,2025-05-25T15:44:06
TXN002920,ACC00218,ACC00269,732.89,2025-05-25T16:06:32
TXN002921,ACC00162,ACC00012,11552.54,2025-05-25T16:20:37
TXN002922,ACC00232,ACC00050,3743.70,2025-05-25T16:37:11
TXN002923,ACC00023,ACC00198,1941.66,2025-05-25T16:41:49
TXN002924,ACC00038,ACC00113,28568.59,2025-05-25T17:01:57
TXN002925,ACC00077,ACC00278,376.80,2025-05-25T17:31:45
TXN002926,ACC00264,ACC00257,20793.62,2025-05-25T17:36:15
TXN002927,ACC00043,ACC00159,582.70,2025-05-25T17:47:55
TXN002928,ACC00095,ACC00056,539.65,2025-05-25T17:51:00
TXN002929,ACC00103,ACC00284,632.76,2025-05-25T17:57:28
TXN002930,ACC00286,ACC00184,2472.03,2025-05-25T17:57:39
TXN002931,ACC00162,ACC00075,21579.08,2025-05-25T18:01:13
TXN002932,ACC00136,ACC00088,874.89,2025-05-25T18:01:39
TXN002933,ACC00096,ACC00050,2198.75,2025-05-25T18:48:12
TXN002934,ACC00095,ACC00230,11778.41,2025-05-25T18:51:36
TXN002935,ACC00260,ACC00076,1478.25,2025-05-25T19:05:10
TXN002936,ACC00188,ACC00207,18802.51,2025-05-25T19:05:20
TXN002937,ACC00210,ACC00195,1212.85,2025-05-25T19:08:36
TXN002938,ACC00056,ACC00147,755.22,2025-05-25T19:12:02
TXN002939,ACC00034,ACC00118,10585.11,2025-05-25T19:12:31
TXN002940,ACC00183,ACC00113,55000.00,2025-05-25T19:22:35
TXN002941,ACC00182,ACC00255,1341.64,2025-05-25T19:27:13
TXN002942,ACC00052,ACC00243,9416.75,2025-05-25T19:30:02
TXN002943,ACC00286,ACC00068,901.76,2025-05-25T19:38:07
TXN002944,ACC00264,ACC00207,22911.12,2025-05-25T19:42:18
TXN002945,ACC00253,ACC00068,1806.96,2025-05-25T19:43:45
TXN002946,ACC00253,ACC00026,923.99,2025-05-25T19:45:50
TXN002947,ACC00191,ACC00250,10901.71,2025-05-25T19:48:11
TXN002948,ACC00136,ACC00237,821.49,2025-05-25T19:58:46
TXN002949,ACC00121,ACC00219,961.83,2025-05-25T20:09:02
TXN002950,ACC00110,ACC00142,14788.08,2025-05-25T20:25:01
TXN002951,ACC00188,ACC00277,234.67,2025-05-25T20:39:47
TXN002952,ACC00177,ACC00118,45204.22,2025-05-25T20:45:31
TXN002953,ACC00125,ACC00003,598.39,2025-05-25T20:51:39
TXN002954,ACC00121,ACC00159,1509.03,2025-05-25T21:04:36
TXN002955,ACC00196,ACC00075,7932.05,2025-05-25T21:13:37
TXN002956,ACC00109,ACC00060,15487.79,2025-05-25T21:17:36
TXN002957,ACC00077,ACC00266,429.67,2025-05-25T21:23:48
TXN002958,ACC00114,ACC00059,4187.24,2025-05-25T21:36:03
TXN002959,ACC00144,ACC00213,9497.97,2025-05-25T21:44:50
TXN002960,ACC00022,ACC00195,2827.93,2025-05-25T21:50:04
TXN002961,ACC00199,ACC00284,363.17,2025-05-25T21:53:15
TXN002962,ACC00160,ACC00266,561.73,2025-05-25T21:56:59
TXN002963,ACC00095,ACC00161,1512.50,2025-05-25T22:23:24
TXN002964,ACC00199,ACC00068,1257.83,2025-05-25T22:27:05
TXN002965,ACC00255,ACC00237,823.78,2025-05-25T22:51:15
TXN002966,ACC00164,ACC00138,648.44,2025-05-25T22:58:59
TXN002967,ACC00268,ACC00230,1528.04,2025-05-25T23:06:00
TXN002968,ACC00276,ACC00182,1027.29,2025-05-25T23:15:04
TXN002969,ACC00268,ACC00032,19672.16,2025-05-25T23:15:13
TXN002970,ACC00260,ACC00242,324.68,2025-05-25T23:24:02
TXN002971,ACC00144,ACC00021,5280.14,2025-05-25T23:29:45
TXN002972,ACC00038,ACC00173,1347.76,2025-05-25T23:37:44
TXN002973,ACC00098,ACC00152,526.17,2025-05-25T23:47:06
TXN002974,ACC00096,ACC00128,991.86,2025-05-26T00:01:53
TXN002975,ACC00208,ACC00159,1499.81,2025-05-26T00:10:06
TXN002976,ACC00172,ACC00089,17324.45,2025-05-26T00:21:10
TXN002977,ACC00073,ACC00123,1081.10,2025-05-26T00:28:26
TXN002978,ACC00137,ACC00080,1974.50,2025-05-26T00:29:23
TXN002979,ACC00136,ACC00027,284.52,2025-05-26T00:31:19
TXN002980,ACC00196,ACC00279,370.34,2025-05-26T00:31:51
TXN002981,ACC00078,ACC00173,305.27,2025-05-26T00:38:39
TXN002982,ACC00208,ACC00237,1527.36,2025-05-26T00:43:29
TXN002983,ACC00123,ACC00015,345.31,2025-05-26T00:43:57
TXN002984,ACC00224,ACC00113,1622.56,2025-05-26T00:46:00
TXN002985,ACC00245,ACC00243,22898.95,2025-05-26T00:46:34
TXN002986,ACC00240,ACC00179,4372.70,2025-05-26T00:48:57
TXN002987,ACC00090,ACC00075,19277.75,2025-05-26T00:49:16
TXN002988,ACC00047,ACC00243,9146.60,2025-05-26T01:05:47
TXN002989,ACC00015,ACC00237,489.43,2025-05-26T01:09:09
TXN002990,ACC00223,ACC00207,9404.18,2025-05-26T01:13:04
TXN002991,ACC00098,ACC00173,207.83,2025-05-26T01:14:20
TXN002992,ACC00065,ACC00256,1101.93,2025-05-26T01:18:05
TXN002993,ACC00263,ACC00187,1738.19,2025-05-26T01:20:37
TXN002994,ACC00183,ACC00222,359.67,2025-05-26T01:25:43
TXN002995,ACC00010,ACC00118,17838.86,2025-05-26T01:38:51
TXN002996,ACC00046,ACC00266,706.56,2025-05-26T02:15:31
TXN002997,ACC00054,ACC00219,778.69,2025-05-26T02:23:25
TXN002998,ACC00169,ACC00222,2519.96,2025-05-26T02:33:38
TXN002999,ACC00151,ACC00237,974.66,2025-05-26T02:44:34
TXN003000,ACC00046,ACC00159,1103.33,2025-05-26T02:46:26
TXN003001,ACC00153,ACC00093,1014.97,2025-05-26T02:51:50
TXN003002,ACC00210,ACC00159,736.88,2025-05-26T03:04:57
TXN003003,ACC00040,ACC00137,966.81,2025-05-26T03:08:48
TXN003004,ACC00140,ACC00213,16392.48,2025-05-26T03:09:02
TXN003005,ACC00020,ACC00246,2435.18,2025-05-26T03:16:03
TXN003006,ACC00061,ACC00187,356.52,2025-05-26T03:23:31
TXN003007,ACC00216,ACC00118,30222.38,2025-05-26T03:29:46
TXN003008,ACC00263,ACC00222,762.32,2025-05-26T03:38:58
TXN003009,ACC00238,ACC00142,5503.90,2025-05-26T03:42:58
TXN003010,ACC00201,ACC00198,2233.52,2025-05-26T03:44:17
TXN003011,ACC00085,ACC00184,2562.07,2025-05-26T03:47:49
TXN003012,ACC00218,ACC00207,55000.00,2025-05-26T03:48:14
TXN003013,ACC00073,ACC00097,15158.13,2025-05-26T03:55:03
TXN003014,ACC00055,ACC00068,1548.35,2025-05-26T03:57:58
TXN003015,ACC00174,ACC00110,328.49,2025-05-26T04:03:41
TXN003016,ACC00203,ACC00257,16836.26,2025-05-26T04:11:30
TXN003017,ACC00015,ACC00250,9528.48,2025-05-26T04:18:07
TXN003018,ACC00274,ACC00059,12436.80,2025-05-26T04:21:54
TXN003019,ACC00020,ACC00138,1155.30,2025-05-26T04:33:06
TXN003020,ACC00009,ACC00012,2672.74,2025-05-26T04:40:15
TXN003021,ACC00162,ACC00288,852.53,2025-05-26T04:42:27
TXN003022,ACC00265,ACC00159,554.37,2025-05-26T04:42:58
TXN003023,ACC00200,ACC00118,5922.22,2025-05-26T04:47:23
TXN003024,ACC00144,ACC00181,5729.60,2025-05-26T04:53:58
TXN003025,ACC00208,ACC00159,829.64,2025-05-26T05:12:18
TXN003026,ACC00204,ACC00060,21944.53,2025-05-26T05:13:23
TXN003027,ACC00210,ACC00075,45000.00,2025-05-26T05:23:52
TXN003028,ACC00105,ACC00166,430.05,2025-05-26T05:26:52
TXN003029,ACC00041,ACC00269,3019.76,2025-05-26T05:48:50
TXN003030,ACC00101,ACC00173,446.26,2025-05-26T05:57:15
TXN003031,ACC00256,ACC00266,683.98,2025-05-26T06:01:46
TXN003032,ACC00246,ACC00227,1041.37,2025-05-26T06:07:15
TXN003033,ACC00268,ACC00184,1944.60,2025-05-26T06:18:29
TXN003034,ACC00109,ACC00076,1225.87,2025-05-26T06:33:00
TXN003035,ACC00088,ACC00278,359.59,2025-05-26T06:45:16
TXN003036,ACC00027,ACC00170,10444.83,2025-05-26T06:55:43
TXN003037,ACC00084,ACC00161,2094.18,2025-05-26T07:43:39
TXN003038,ACC00061,ACC00059,41925.39,2025-05-26T08:26:12
TXN003039,ACC00127,ACC00265,2881.95,2025-05-26T11:13:45
TXN003040,ACC00188,ACC00161,2571.51,2025-05-26T11:50:48
TXN003041,ACC00231,ACC00195,1103.03,2025-05-26T13:46:53
TXN003042,ACC00180,ACC00128,2310.45,2025-05-26T14:27:56
TXN003043,ACC00285,ACC00269,1281.77,2025-05-26T15:06:40
TXN003044,ACC00001,ACC00097,30526.01,2025-05-26T15:46:14
TXN003045,ACC00044,ACC00142,23723.16,2025-05-26T15:50:26
TXN003046,ACC00056,ACC00097,27969.50,2025-05-26T16:04:00
TXN003047,ACC00223,ACC00286,303.36,2025-05-26T16:07:58
TXN003048,ACC00248,ACC00159,370.24,2025-05-26T16:44:20
TXN003049,ACC00265,ACC00170,3921.70,2025-05-26T17:04:11
TXN003050,ACC00274,ACC00261,547.32,2025-05-26T17:14:06
TXN003051,ACC00024,ACC00018,2676.70,2025-05-26T17:14:42
TXN003052,ACC00272,ACC00198,1618.45,2025-05-26T17:20:05
TXN003053,ACC00279,ACC00093,301.78,2025-05-26T17:27:25
TXN003054,ACC00271,ACC00080,1081.55,2025-05-26T17:36:43
TXN003055,ACC00136,ACC00257,15518.56,2025-05-26T17:42:21
TXN003056,ACC00238,ACC00230,33910.46,2025-05-26T18:00:13
TXN003057,ACC00244,ACC00227,4271.05,2025-05-26T18:03:04
TXN003058,ACC00289,ACC00250,30381.68,2025-05-26T18:10:00
TXN003059,ACC00085,ACC00068,481.57,2025-05-26T18:10:20
TXN003060,ACC00031,ACC00012,6030.86,2025-05-26T18:40:33
TXN003061,ACC00177,ACC00059,17635.48,2025-05-26T18:42:57
TXN003062,ACC00185,ACC00148,1941.57,2025-05-26T19:04:34
TXN003063,ACC00255,ACC00257,14297.91,2025-05-26T19:09:23
TXN003064,ACC00079,ACC00195,6000.00,2025-05-26T19:23:21
TXN003065,ACC00224,ACC00150,7352.61,2025-05-26T19:33:05
TXN003066,ACC00204,ACC00113,35548.56,2025-05-26T19:37:43
TXN003067,ACC00004,ACC00118,7876.71,2025-05-26T19:46:46
TXN003068,ACC00095,ACC00281,423.48,2025-05-26T19:55:02
TXN003069,ACC00283,ACC00118,13399.51,2025-05-26T19:55:16
TXN003070,ACC00008,ACC00278,281.58,2025-05-26T19:59:26
TXN003071,ACC00098,ACC00184,2294.54,2025-05-26T20:10:56
TXN003072,ACC00233,ACC00050,1807.98,2025-05-26T20:11:13
TXN003073,ACC00005,ACC00207,19458.85,2025-05-26T20:13:22
TXN003074,ACC00160,ACC00222,355.68,2025-05-26T20:14:12
TXN003075,ACC00025,ACC00221,941.60,2025-05-26T20:22:21
TXN003076,ACC00119,ACC00097,17541.78,2025-05-26T20:28:10
TXN003077,ACC00263,ACC00097,29354.77,2025-05-26T20:28:59
TXN003078,ACC00246,ACC00213,9504.37,2025-05-26T20:43:29
TXN003079,ACC00171,ACC00269,1999.31,2025-05-26T20:50:27
TXN003080,ACC00267,ACC00119,619.80,2025-05-26T20:57:13
TXN003081,ACC00180,ACC00170,27581.43,2025-05-26T21:03:20
TXN003082,ACC00101,ACC00219,709.94,2025-05-26T21:08:27
TXN003083,ACC00049,ACC00213,5569.94,2025-05-26T21:09:20
TXN003084,ACC00256,ACC00075,4186.97,2025-05-26T21:19:12
TXN003085,ACC00162,ACC00170,10418.81,2025-05-26T21:20:31
TXN003086,ACC00073,ACC00198,2954.28,2025-05-26T21:25:21
TXN003087,ACC00098,ACC00159,1203.13,2025-05-26T21:28:14
TXN003088,ACC00085,ACC00026,622.84,2025-05-26T21:34:55
TXN003089,ACC00178,ACC00198,2524.05,2025-05-26T21:35:08
TXN003090,ACC00240,ACC00127,480.45,2025-05-26T21:39:41
TXN003091,ACC00009,ACC00012,5277.24,2025-05-26T21:42:59
TXN003092,ACC00255,ACC00237,2500.00,2025-05-26T21:51:32
TXN003093,ACC00273,ACC00243,6299.27,2025-05-26T21:52:20
TXN003094,ACC00057,ACC00230,9993.35,2025-05-26T21:58:01
TXN003095,ACC00029,ACC00230,19979.68,2025-05-26T21:59:51
TXN003096,ACC00081,ACC00018,3258.91,2025-05-26T22:00:03
TXN003097,ACC00156,ACC00082,2048.90,2025-05-26T22:05:00
TXN003098,ACC00246,ACC00118,9557.76,2025-05-26T22:08:46
TXN003099,ACC00238,ACC00161,1256.83,2025-05-26T22:19:36
TXN003100,ACC00083,ACC00168,1172.99,2025-05-26T22:27:02
TXN003101,ACC00190,ACC00158,887.64,2025-05-26T22:29:57
TXN003102,ACC00267,ACC00097,15111.79,2025-05-26T22:34:57
TXN003103,ACC00172,ACC00257,14299.17,2025-05-26T22:38:00
TXN003104,ACC00103,ACC00243,19215.64,2025-05-26T22:59:49
TXN003105,ACC00071,ACC00081,881.88,2025-05-26T23:07:47
TXN003106,ACC00143,ACC00026,1267.40,2025-05-26T23:14:00
TXN003107,ACC00119,ACC00151,1389.12,2025-05-26T23:46:06
TXN003108,ACC00240,ACC00093,586.04,2025-05-26T23:55:41
TXN003109,ACC00271,ACC00035,402.76,2025-05-26T23:56:01
TXN003110,ACC00004,ACC00222,3392.57,2025-05-26T23:59:00
TXN003111,ACC00286,ACC00138,590.69,2025-05-26T23:59:30
TXN003112,ACC00114,ACC00121,1616.63,2025-05-27T00:03:12
TXN003113,ACC00110,ACC00243,21116.57,2025-05-27T00:06:34
TXN003114,ACC00039,ACC00278,358.04,2025-05-27T00:12:54
TXN003115,ACC00158,ACC00187,1324.73,2025-05-27T00:19:58
TXN003116,ACC00289,ACC00173,1235.48,2025-05-27T00:42:35
TXN003117,ACC00208,ACC00173,3339.83,2025-05-27T00:51:15
TXN003118,ACC00210,ACC00240,545.10,2025-05-27T00:54:18
TXN003119,ACC00064,ACC00207,12651.11,2025-05-27T01:00:59
TXN003120,ACC00288,ACC00213,5834.22,2025-05-27T01:03:33
TXN003121,ACC00197,ACC00046,726.61,2025-05-27T01:07:28
TXN003122,ACC00186,ACC00116,966.13,2025-05-27T01:10:28
TXN003123,ACC00289,ACC00224,576.99,2025-05-27T01:27:33
TXN003124,ACC00052,ACC00234,1553.05,2025-05-27T01:39:51
TXN003125,ACC00039,ACC00195,393.56,2025-05-27T01:44:58
TXN003126,ACC00196,ACC00089,17328.70,2025-05-27T01:47:14
TXN003127,ACC00001,ACC00021,2073.86,2025-05-27T01:55:57
TXN003128,ACC00203,ACC00221,2214.39,2025-05-27T02:07:17
TXN003129,ACC00264,ACC00257,16263.86,2025-05-27T02:19:03
TXN003130,ACC00224,ACC00113,24962.62,2025-05-27T02:32:33
TXN003131,ACC00116,ACC00263,967.72,2025-05-27T02:41:12
TXN003132,ACC00255,ACC00195,1244.17,2025-05-27T02:41:50
TXN003133,ACC00101,ACC00281,1484.26,2025-05-27T02:50:44
TXN003134,ACC00154,ACC00278,930.71,2025-05-27T02:51:25
TXN003135,ACC00051,ACC00018,1029.00,2025-05-27T03:01:25
TXN003136,ACC00229,ACC00068,531.05,2025-05-27T03:05:43
TXN003137,ACC00105,ACC00220,1025.46,2025-05-27T03:08:39
TXN003138,ACC00286,ACC00230,55000.00,2025-05-27T03:13:35
TXN003139,ACC00100,ACC00218,1869.33,2025-05-27T03:21:53
TXN003140,ACC00277,ACC00188,917.91,2025-05-27T04:00:54
TXN003141,ACC00200,ACC00132,2277.50,2025-05-27T04:02:54
TXN003142,ACC00088,ACC00111,728.30,2025-05-27T04:03:08
TXN003143,ACC00137,ACC00208,1092.94,2025-05-27T04:17:57
TXN003144,ACC00084,ACC00219,1042.43,2025-05-27T04:21:14
TXN003145,ACC00123,ACC00111,686.76,2025-05-27T04:25:31
TXN003146,ACC00136,ACC00068,3000.00,2025-05-27T04:55:07
TXN003147,ACC00238,ACC00221,1064.39,2025-05-27T05:06:32
TXN003148,ACC00134,ACC00075,17660.03,2025-05-27T05:16:14
TXN003149,ACC00231,ACC00207,15090.44,2025-05-27T05:17:47
TXN003150,ACC00008,ACC00198,1521.97,2025-05-27T05:19:58
TXN003151,ACC00074,ACC00089,2855.50,2025-05-27T05:20:27
TXN003152,ACC00145,ACC00068,1644.57,2025-05-27T05:30:16
TXN003153,ACC00062,ACC00089,4958.04,2025-05-27T05:34:00
TXN003154,ACC00247,ACC00184,4817.75,2025-05-27T05:46:42
TXN003155,ACC00090,ACC00032,10209.66,2025-05-27T05:59:32
TXN003156,ACC00248,ACC00221,1008.79,2025-05-27T07:08:50
TXN003157,ACC00168,ACC00138,646.31,2025-05-27T07:14:40
TXN003158,ACC00262,ACC00238,1119.44,2025-05-27T07:39:17
TXN003159,ACC00208,ACC00250,5402.17,2025-05-27T08:05:04
TXN003160,ACC00260,ACC00227,3498.39,2025-05-27T09:59:09
TXN003161,ACC00218,ACC00148,5368.44,2025-05-27T10:38:33
TXN003162,ACC00254,ACC00068,3000.00,2025-05-27T11:49:55
TXN003163,ACC00248,ACC00113,20312.20,2025-05-27T13:33:21
TXN003164,ACC00276,ACC00075,25290.81,2025-05-27T13:47:14
TXN003165,ACC00182,ACC00142,35623.98,2025-05-27T14:02:07
TXN003166,ACC00136,ACC00266,605.92,2025-05-27T14:08:09
TXN003167,ACC00273,ACC00148,6867.86,2025-05-27T14:59:59
TXN003168,ACC00074,ACC00089,18267.47,2025-05-27T15:07:55
TXN003169,ACC00200,ACC00266,1057.58,2025-05-27T15:36:33
TXN003170,ACC00208,ACC00155,443.05,2025-05-27T16:13:57
TXN003171,ACC00158,ACC00227,1653.75,2025-05-27T16:17:50
TXN003172,ACC00049,ACC00170,7565.72,2025-05-27T16:34:43
TXN003173,ACC00078,ACC00257,16353.54,2025-05-27T16:50:57
TXN003174,ACC00003,ACC00170,8672.66,2025-05-27T16:55:31
TXN003175,ACC00279,ACC00266,1115.51,2025-05-27T17:15:03
TXN003176,ACC00092,ACC00281,852.24,2025-05-27T17:20:23
TXN003177,ACC00171,ACC00148,2680.04,2025-05-27T17:23:20
TXN003178,ACC00208,ACC00097,13232.93,2025-05-27T17:40:11
TXN003179,ACC00249,ACC00068,965.68,2025-05-27T17:50:00
TXN003180,ACC00232,ACC00050,550.30,2025-05-27T17:58:13
TXN003181,ACC00223,ACC00237,493.17,2025-05-27T17:58:51
TXN003182,ACC00134,ACC00118,14525.80,2025-05-27T18:16:19
TXN003183,ACC00191,ACC00132,390.49,2025-05-27T19:01:26
TXN003184,ACC00220,ACC00213,17541.60,2025-05-27T19:06:05
TXN003185,ACC00088,ACC00136,582.49,2025-05-27T19:15:10
TXN003186,ACC00287,ACC00184,2638.50,2025-05-27T19:20:31
TXN003187,ACC00094,ACC00227,1854.97,2025-05-27T19:27:00
TXN003188,ACC00035,ACC00159,744.64,2025-05-27T19:42:17
TXN003189,ACC00228,ACC00269,1411.04,2025-05-27T19:44:04
TXN003190,ACC00228,ACC00089,19620.04,2025-05-27T19:54:43
TXN003191,ACC00128,ACC00076,1338.81,2025-05-27T19:56:41
TXN003192,ACC00203,ACC00221,1894.87,2025-05-27T20:10:33
TXN003193,ACC00064,ACC00268,1360.62,2025-05-27T20:27:10
TXN003194,ACC00002,ACC00113,10298.34,2025-05-27T20:27:12
TXN003195,ACC00232,ACC00175,161.24,2025-05-27T20:42:37
TXN003196,ACC00192,ACC00009,1453.80,2025-05-27T20:43:21
TXN003197,ACC00096,ACC00237,759.74,2025-05-27T20:52:45
TXN003198,ACC00084,ACC00026,1288.72,2025-05-27T20:58:39
TXN003199,ACC00049,ACC00113,1911.48,2025-05-27T21:04:00
TXN003200,ACC00177,ACC00131,1537.93,2025-05-27T21:08:21
TXN003201,ACC00231,ACC00075,12407.96,2025-05-27T21:08:58
TXN003202,ACC00022,ACC00230,2505.79,2025-05-27T21:09:00
TXN003203,ACC00027,ACC00237,385.58,2025-05-27T21:13:20
TXN003204,ACC00024,ACC00243,4276.64,2025-05-27T21:15:52
TXN003205,ACC00145,ACC00021,4336.06,2025-05-27T21:18:36
TXN003206,ACC00212,ACC00080,492.77,2025-05-27T21:28:38
TXN003207,ACC00202,ACC00268,797.99,2025-05-27T21:29:57
TXN003208,ACC00133,ACC00097,8557.95,2025-05-27T21:36:52
TXN003209,ACC00129,ACC00243,15953.58,2025-05-27T21:42:30
TXN003210,ACC00251,ACC00257,6758.59,2025-05-27T21:44:52
TXN003211,ACC00040,ACC00113,5332.32,2025-05-27T21:46:17
TXN003212,ACC00157,ACC00239,1613.79,2025-05-27T21:51:58
TXN003213,ACC00117,ACC00111,638.01,2025-05-27T22:03:35
TXN003214,ACC00046,ACC00159,921.20,2025-05-27T22:17:54
TXN003215,ACC00054,ACC00089,15613.04,2025-05-27T22:33:22
TXN003216,ACC00210,ACC00191,889.83,2025-05-27T22:42:22
TXN003217,ACC00172,ACC00284,703.22,2025-05-27T22:48:24
TXN003218,ACC00107,ACC00040,570.48,2025-05-27T22:49:24
TXN003219,ACC00265,ACC00076,835.50,2025-05-27T23:06:32
TXN003220,ACC00238,ACC00161,1433.11,2025-05-27T23:25:40
TXN003221,ACC00082,ACC00170,16281.27,2025-05-27T23:25:52
TXN003222,ACC00248,ACC00270,509.62,2025-05-27T23:29:47
TXN003223,ACC00025,ACC00148,2577.35,2025-05-27T23:30:16
TXN003224,ACC00244,ACC00020,1053.18,2025-05-27T23:31:02
TXN003225,ACC00130,ACC00250,6908.15,2025-05-27T23:34:14
TXN003226,ACC00261,ACC00137,184.38,2025-05-27T23:44:43
TXN003227,ACC00254,ACC00140,1402.12,2025-05-27T23:48:37
TXN003228,ACC00086,ACC00285,2358.91,2025-05-28T00:26:26
TXN003229,ACC00268,ACC00064,458.92,2025-05-28T00:33:44
TXN003230,ACC00056,ACC00193,4981.85,2025-05-28T00:47:51
TXN003231,ACC00200,ACC00118,8405.94,2025-05-28T00:49:11
TXN003232,ACC00098,ACC00039,2139.57,2025-05-28T01:00:40
TXN003233,ACC00070,ACC00138,220.22,2025-05-28T01:03:05
TXN003234,ACC00057,ACC00222,1249.57,2025-05-28T01:05:05
TXN003235,ACC00289,ACC00118,3378.86,2025-05-28T01:08:51
TXN003236,ACC00156,ACC00075,15811.65,2025-05-28T01:09:03
TXN003237,ACC00029,ACC00148,3076.14,2025-05-28T01:21:11
TXN003238,ACC00210,ACC00076,623.75,2025-05-28T01:31:16
TXN003239,ACC00239,ACC00187,709.81,2025-05-28T01:40:09
TXN003240,ACC00134,ACC00195,3035.72,2025-05-28T01:57:03
TXN003241,ACC00054,ACC00076,508.01,2025-05-28T01:59:38
TXN003242,ACC00158,ACC00207,14505.58,2025-05-28T02:13:25
TXN003243,ACC00085,ACC00093,275.67,2025-05-28T02:17:03
TXN003244,ACC00216,ACC00026,1168.55,2025-05-28T02:17:11
TXN003245,ACC00125,ACC00257,15778.49,2025-05-28T02:18:12
TXN003246,ACC00185,ACC00245,444.16,2025-05-28T02:26:50
TXN003247,ACC00137,ACC00148,2187.61,2025-05-28T02:28:16
TXN003248,ACC00267,ACC00050,740.90,2025-05-28T02:38:28
TXN003249,ACC00191,ACC00075,26634.75,2025-05-28T02:59:09
TXN003250,ACC00196,ACC00050,2096.31,2025-05-28T03:09:26
TXN003251,ACC00240,ACC00237,759.48,2025-05-28T03:27:23
TXN003252,ACC00193,ACC00056,838.47,2025-05-28T03:29:31
TXN003253,ACC00040,ACC00282,259.23,2025-05-28T03:34:14
TXN003254,ACC00260,ACC00032,20196.33,2025-05-28T03:34:52
TXN003255,ACC00183,ACC00148,4185.76,2025-05-28T03:47:08
TXN003256,ACC00199,ACC00230,23479.09,2025-05-28T03:57:11
TXN003257,ACC00096,ACC00227,4805.20,2025-05-28T04:03:47
TXN003258,ACC00035,ACC00111,710.65,2025-05-28T04:20:03
TXN003259,ACC00006,ACC00093,802.60,2025-05-28T04:39:07
TXN003260,ACC00220,ACC00128,772.62,2025-05-28T04:41:04
TXN003261,ACC00236,ACC00032,20476.55,2025-05-28T04:42:45
TXN003262,ACC00037,ACC00093,1446.55,2025-05-28T04:51:00
TXN003263,ACC00233,ACC00060,6709.39,2025-05-28T05:04:22
TXN003264,ACC00205,ACC00175,1349.49,2025-05-28T05:11:06
TXN003265,ACC00100,ACC00230,7035.37,2025-05-28T05:30:00
TXN003266,ACC00282,ACC00113,49802.75,2025-05-28T05:45:42
TXN003267,ACC00262,ACC00237,1920.41,2025-05-28T05:55:35
TXN003268,ACC00011,ACC00080,427.79,2025-05-28T06:31:24
TXN003269,ACC00229,ACC00227,2006.37,2025-05-28T06:49:05
TXN003270,ACC00006,ACC00068,688.34,2025-05-28T06:57:39
TXN003271,ACC00081,ACC00012,1707.15,2025-05-28T08:46:49
TXN003272,ACC00036,ACC00021,7372.25,2025-05-28T09:16:08
TXN003273,ACC00077,ACC00097,10045.61,2025-05-28T09:36:01
TXN003274,ACC00039,ACC00068,1470.60,2025-05-28T12:43:18
TXN003275,ACC00099,ACC00102,45241.86,2025-05-28T14:02:41
TXN003276,ACC00256,ACC00243,7936.41,2025-05-28T14:11:20
TXN003277,ACC00249,ACC00102,47346.71,2025-05-28T14:12:05
TXN003278,ACC00163,ACC00215,48421.90,2025-05-28T14:14:06
TXN003279,ACC00038,ACC00215,48566.90,2025-05-28T14:27:35
TXN003280,ACC00086,ACC00215,46783.14,2025-05-28T14:47:42
TXN003281,ACC00007,ACC00215,48364.29,2025-05-28T14:49:54
TXN003282,ACC00215,ACC00048,45308.37,2025-05-28T14:51:15
TXN003283,ACC00215,ACC00259,49216.48,2025-05-28T14:51:38
TXN003284,ACC00215,ACC00014,49160.43,2025-05-28T14:55:47
TXN003285,ACC00121,ACC00102,47912.70,2025-05-28T14:56:42
TXN003286,ACC00215,ACC00120,47198.71,2025-05-28T14:59:05
TXN003287,ACC00102,ACC00120,47242.44,2025-05-28T14:59:40
TXN003288,ACC00215,ACC00112,47025.99,2025-05-28T14:59:53
TXN003289,ACC00102,ACC00048,47294.65,2025-05-28T14:59:54
TXN003290,ACC00048,ACC00280,47894.66,2025-05-28T15:02:10
TXN003291,ACC00102,ACC00259,46503.45,2025-05-28T15:03:00
TXN003292,ACC00102,ACC00014,49153.44,2025-05-28T15:03:04
TXN003293,ACC00259,ACC00072,48188.83,2025-05-28T15:04:10
TXN003294,ACC00259,ACC00017,45634.59,2025-05-28T15:04:46
TXN003295,ACC00102,ACC00112,48598.16,2025-05-28T15:05:43
TXN003296,ACC00120,ACC00217,48235.08,2025-05-28T15:06:06
TXN003297,ACC00072,ACC00111,48267.31,2025-05-28T15:06:32
TXN003298,ACC00112,ACC00126,46156.23,2025-05-28T15:07:19
TXN003299,ACC00259,ACC00058,47901.34,2025-05-28T15:07:23
TXN003300,ACC00048,ACC00141,46505.35,2025-05-28T15:07:46
TXN003301,ACC00014,ACC00013,47298.45,2025-05-28T15:07:46
TXN003302,ACC00120,ACC00115,48324.23,2025-05-28T15:07:55
TXN003303,ACC00217,ACC00173,45648.81,2025-05-28T15:08:26
TXN003304,ACC00280,ACC00111,48519.80,2025-05-28T15:09:39
TXN003305,ACC00126,ACC00173,45901.67,2025-05-28T15:10:56
TXN003306,ACC00014,ACC00053,45905.38,2025-05-28T15:11:19
TXN003307,ACC00013,ACC00173,47535.34,2025-05-28T15:11:53
TXN003308,ACC00017,ACC00269,47230.13,2025-05-28T15:12:06
TXN003309,ACC00014,ACC00016,47659.94,2025-05-28T15:12:26
TXN003310,ACC00112,ACC00045,46749.71,2025-05-28T15:12:57
TXN003311,ACC00115,ACC00175,49535.48,2025-05-28T15:13:32
TXN003312,ACC00058,ACC00111,47397.57,2025-05-28T15:14:35
TXN003313,ACC00141,ACC00111,45358.30,2025-05-28T15:16:46
TXN003314,ACC00053,ACC00173,48436.98,2025-05-28T15:17:10
TXN003315,ACC00016,ACC00080,47935.42,2025-05-28T15:18:48
TXN003316,ACC00045,ACC00080,49341.80,2025-05-28T15:18:55
TXN003317,ACC00267,ACC00093,568.96,2025-05-28T16:08:18
TXN003318,ACC00256,ACC00278,482.62,2025-05-28T16:08:19
TXN003319,ACC00178,ACC00087,136.60,2025-05-28T16:10:44
TXN003320,ACC00039,ACC00250,18968.29,2025-05-28T16:17:18
TXN003321,ACC00135,ACC00154,349.89,2025-05-28T16:17:51
TXN003322,ACC00268,ACC00075,8278.21,2025-05-28T16:33:35
TXN003323,ACC00061,ACC00060,28988.28,2025-05-28T17:28:59
TXN003324,ACC00094,ACC00250,10026.43,2025-05-28T17:33:36
TXN003325,ACC00055,ACC00241,2136.95,2025-05-28T17:35:17
TXN003326,ACC00176,ACC00142,12840.74,2025-05-28T17:57:28
TXN003327,ACC00047,ACC00086,2216.15,2025-05-28T18:38:40
TXN003328,ACC00226,ACC00221,1262.15,2025-05-28T18:47:08
TXN003329,ACC00078,ACC00250,35053.21,2025-05-28T18:51:15
TXN003330,ACC00079,ACC00222,487.15,2025-05-28T19:06:01
TXN003331,ACC00052,ACC00142,12639.08,2025-05-28T19:23:42
TXN003332,ACC00183,ACC00010,1905.25,2025-05-28T19:23:59
TXN003333,ACC00189,ACC00074,448.79,2025-05-28T19:24:53
TXN003334,ACC00147,ACC00032,12619.35,2025-05-28T19:31:42
TXN003335,ACC00051,ACC00187,1779.84,2025-05-28T19:33:18
TXN003336,ACC00049,ACC00059,13530.10,2025-05-28T19:54:34
TXN003337,ACC00098,ACC00093,1754.26,2025-05-28T20:09:19
TXN003338,ACC00055,ACC00075,45000.00,2025-05-28T20:42:33
TXN003339,ACC00246,ACC00026,811.62,2025-05-28T20:43:58
TXN003340,ACC00273,ACC00018,2208.12,2025-05-28T20:45:54
TXN003341,ACC00220,ACC00148,8463.09,2025-05-28T20:53:33
TXN003342,ACC00185,ACC00250,11457.30,2025-05-28T21:24:48
TXN003343,ACC00002,ACC00148,3639.24,2025-05-28T21:35:11
TXN003344,ACC00228,ACC00164,459.70,2025-05-28T21:35:31
TXN003345,ACC00122,ACC00050,2409.63,2025-05-28T21:36:07
TXN003346,ACC00064,ACC00097,7690.00,2025-05-28T21:36:22
TXN003347,ACC00268,ACC00281,472.76,2025-05-28T21:37:36
TXN003348,ACC00044,ACC00082,2368.80,2025-05-28T21:40:00
TXN003349,ACC00107,ACC00278,618.94,2025-05-28T21:47:02
TXN003350,ACC00095,ACC00050,1696.54,2025-05-28T21:48:11
TXN003351,ACC00165,ACC00230,9617.90,2025-05-28T22:00:35
TXN003352,ACC00276,ACC00148,7930.20,2025-05-28T22:22:22
TXN003353,ACC00262,ACC00093,395.80,2025-05-28T22:24:17
TXN003354,ACC00131,ACC00177,497.08,2025-05-28T22:39:55
TXN003355,ACC00039,ACC00284,548.47,2025-05-28T22:48:28
TXN003356,ACC00137,ACC00032,38767.09,2025-05-28T23:01:02
TXN003357,ACC00086,ACC00207,16743.07,2025-05-28T23:25:03
TXN003358,ACC00178,ACC00087,242.28,2025-05-28T23:36:46
TXN003359,ACC00056,ACC00237,1654.32,2025-05-28T23:42:20
TXN003360,ACC00199,ACC00018,5701.51,2025-05-28T23:50:12
TXN003361,ACC00189,ACC00032,20466.26,2025-05-28T23:56:35
TXN003362,ACC00211,ACC00089,27827.16,2025-05-29T00:11:09
TXN003363,ACC00209,ACC00097,15880.09,2025-05-29T00:11:32
TXN003364,ACC00205,ACC00192,2561.04,2025-05-29T00:25:49
TXN003365,ACC00008,ACC00021,2790.63,2025-05-29T00:41:00
TXN003366,ACC00129,ACC00222,1005.15,2025-05-29T00:42:55
TXN003367,ACC00104,ACC00032,13448.62,2025-05-29T01:03:04
TXN003368,ACC00095,ACC00097,18500.14,2025-05-29T01:04:41
TXN003369,ACC00248,ACC00198,910.73,2025-05-29T01:09:49
TXN003370,ACC00038,ACC00181,7394.81,2025-05-29T01:20:11
TXN003371,ACC00046,ACC00197,1987.62,2025-05-29T01:35:11
TXN003372,ACC00154,ACC00080,417.58,2025-05-29T01:41:04
TXN003373,ACC00287,ACC00161,2562.59,2025-05-29T01:56:31
TXN003374,ACC00092,ACC00160,849.91,2025-05-29T02:00:07
TXN003375,ACC00162,ACC00179,922.36,2025-05-29T02:06:20
TXN003376,ACC00066,ACC00255,1472.45,2025-05-29T02:09:03
TXN003377,ACC00255,ACC00219,1377.03,2025-05-29T02:12:01
TXN003378,ACC00233,ACC00089,20496.62,2025-05-29T02:32:39
TXN003379,ACC00106,ACC00111,276.83,2025-05-29T02:40:46
TXN003380,ACC00144,ACC00150,261.60,2025-05-29T03:01:02
TXN003381,ACC00081,ACC00156,1250.62,2025-05-29T03:07:31
TXN003382,ACC00282,ACC00040,1560.43,2025-05-29T03:07:36
TXN003383,ACC00127,ACC00032,5745.74,2025-05-29T03:11:26
TXN003384,ACC00206,ACC00190,720.53,2025-05-29T03:16:44
TXN003385,ACC00131,ACC00108,1314.24,2025-05-29T03:18:47
TXN003386,ACC00130,ACC00244,853.32,2025-05-29T03:19:17
TXN003387,ACC00163,ACC00230,43513.11,2025-05-29T03:33:57
TXN003388,ACC00074,ACC00198,7283.91,2025-05-29T03:34:07
TXN003389,ACC00152,ACC00173,791.30,2025-05-29T04:52:42
TXN003390,ACC00067,ACC00172,875.78,2025-05-29T04:59:47
TXN003391,ACC00194,ACC00173,620.13,2025-05-29T05:09:22
TXN003392,ACC00105,ACC00142,34962.95,2025-05-29T05:10:19
TXN003393,ACC00288,ACC00012,7260.26,2025-05-29T05:10:59
TXN003394,ACC00231,ACC00232,855.21,2025-05-29T05:44:36
TXN003395,ACC00153,ACC00043,434.11,2025-05-29T05:52:17
TXN003396,ACC00258,ACC00222,955.32,2025-05-29T05:54:10
TXN003397,ACC00160,ACC00227,2529.27,2025-05-29T05:58:26
TXN003398,ACC00134,ACC00219,489.04,2025-05-29T07:24:32
TXN003399,ACC00094,ACC00222,323.65,2025-05-29T07:52:00
TXN003400,ACC00074,ACC00175,273.36,2025-05-29T08:34:52
TXN003401,ACC00180,ACC00140,2532.03,2025-05-29T08:35:17
TXN003402,ACC00043,ACC00170,10109.47,2025-05-29T13:04:56
TXN003403,ACC00145,ACC00241,392.77,2025-05-29T14:05:09
TXN003404,ACC00143,ACC00195,3604.98,2025-05-29T14:10:09
TXN003405,ACC00004,ACC00161,1421.35,2025-05-29T15:25:50
TXN003406,ACC00163,ACC00059,5841.55,2025-05-29T16:59:29
TXN003407,ACC00096,ACC00080,1149.46,2025-05-29T17:09:45
TXN003408,ACC00086,ACC00138,1035.59,2025-05-29T17:20:24
TXN003409,ACC00024,ACC00237,1024.67,2025-05-29T17:25:13
TXN003410,ACC00143,ACC00181,3154.92,2025-05-29T17:26:53
TXN003411,ACC00099,ACC00250,7522.87,2025-05-29T17:29:59
TXN003412,ACC00290,ACC00111,348.12,2025-05-29T17:43:09
TXN003413,ACC00047,ACC00284,415.47,2025-05-29T18:03:25
TXN003414,ACC00084,ACC00113,27628.36,2025-05-29T18:04:04
TXN003415,ACC00056,ACC00181,3413.87,2025-05-29T18:05:46
TXN003416,ACC00256,ACC00050,1058.75,2025-05-29T18:06:28
TXN003417,ACC00039,ACC00175,1161.66,2025-05-29T18:09:01
TXN003418,ACC00007,ACC00118,34036.45,2025-05-29T18:11:09
TXN003419,ACC00131,ACC00108,4770.01,2025-05-29T18:13:52
TXN003420,ACC00261,ACC00026,781.72,2025-05-29T18:17:32
TXN003421,ACC00185,ACC00238,840.65,2025-05-29T18:26:58
TXN003422,ACC00135,ACC00148,3614.72,2025-05-29T18:27:52
TXN003423,ACC00287,ACC00161,1380.00,2025-05-29T18:56:04
TXN003424,ACC00270,ACC00018,9070.65,2025-05-29T19:19:29
TXN003425,ACC00088,ACC00250,24743.17,2025-05-29T19:25:08
TXN003426,ACC00240,ACC00059,33160.28,2025-05-29T19:26:54
TXN003427,ACC00240,ACC00018,12000.00,2025-05-29T19:32:17
TXN003428,ACC00008,ACC00219,300.39,2025-05-29T19:34:27
TXN003429,ACC00202,ACC00248,1381.81,2025-05-29T19:35:16
TXN003430,ACC00009,ACC00038,2348.41,2025-05-29T19:41:45
TXN003431,ACC00055,ACC00281,610.55,2025-05-29T20:05:45
TXN003432,ACC00061,ACC00032,14425.81,2025-05-29T20:06:00
TXN003433,ACC00084,ACC00219,1059.51,2025-05-29T20:08:49
TXN003434,ACC00200,ACC00148,2490.78,2025-05-29T20:18:58
TXN003435,ACC00156,ACC00221,1593.67,2025-05-29T20:20:13
TXN003436,ACC00078,ACC00032,11866.60,2025-05-29T20:40:55
TXN003437,ACC00290,ACC00001,215.30,2025-05-29T20:50:30
TXN003438,ACC00127,ACC00018,2114.76,2025-05-29T20:53:06
TXN003439,ACC00279,ACC00198,1755.14,2025-05-29T21:06:39
TXN003440,ACC00030,ACC00173,329.16,2025-05-29T21:18:26
TXN003441,ACC00244,ACC00032,19234.35,2025-05-29T21:19:49
TXN003442,ACC00024,ACC00093,1327.85,2025-05-29T21:20:11
TXN003443,ACC00144,ACC00075,7841.45,2025-05-29T21:51:00
TXN003444,ACC00134,ACC00181,3863.76,2025-05-29T22:02:30
TXN003445,ACC00228,ACC00284,1202.94,2025-05-29T22:03:29
TXN003446,ACC00066,ACC00089,11797.92,2025-05-29T22:07:02
TXN003447,ACC00010,ACC00159,2129.39,2025-05-29T22:14:40
TXN003448,ACC00199,ACC00076,1836.82,2025-05-29T22:20:59
TXN003449,ACC00143,ACC00060,11467.75,2025-05-29T22:22:21
TXN003450,ACC00209,ACC00287,372.30,2025-05-29T22:37:38
TXN003451,ACC00028,ACC00018,2160.78,2025-05-29T22:51:02
TXN003452,ACC00119,ACC00207,14081.30,2025-05-29T23:08:12
TXN003453,ACC00124,ACC00093,1938.47,2025-05-29T23:11:12
TXN003454,ACC00063,ACC00140,202.23,2025-05-29T23:13:46
TXN003455,ACC00005,ACC00076,483.28,2025-05-29T23:19:49
TXN003456,ACC00038,ACC00009,1729.57,2025-05-29T23:22:56
TXN003457,ACC00157,ACC00012,7408.60,2025-05-29T23:24:51
TXN003458,ACC00229,ACC00089,20352.65,2025-05-29T23:36:48
TXN003459,ACC00066,ACC00195,1994.63,2025-05-29T23:42:41
TXN003460,ACC00079,ACC00118,49456.44,2025-05-29T23:56:13
TXN003461,ACC00275,ACC00075,8187.93,2025-05-30T00:09:52
TXN003462,ACC00212,ACC00170,13550.64,2025-05-30T00:23:36
TXN003463,ACC00209,ACC00255,454.48,2025-05-30T00:26:50
TXN003464,ACC00202,ACC00219,915.99,2025-05-30T00:31:01
TXN003465,ACC00201,ACC00018,5684.04,2025-05-30T00:33:38
TXN003466,ACC00090,ACC00138,388.27,2025-05-30T00:42:39
TXN003467,ACC00185,ACC00250,7321.42,2025-05-30T01:06:18
TXN003468,ACC00166,ACC00167,1058.70,2025-05-30T01:09:10
TXN003469,ACC00236,ACC00221,882.41,2025-05-30T01:35:47
TXN003470,ACC00137,ACC00050,1148.55,2025-05-30T02:02:08
TXN003471,ACC00103,ACC00093,418.97,2025-05-30T02:18:23
TXN003472,ACC00064,ACC00269,399.71,2025-05-30T02:19:06
TXN003473,ACC00167,ACC00012,2009.36,2025-05-30T02:26:23
TXN003474,ACC00223,ACC00057,292.29,2025-05-30T02:27:59
TXN003475,ACC00226,ACC00018,1987.68,2025-05-30T02:57:59
TXN003476,ACC00193,ACC00050,842.53,2025-05-30T03:05:23
TXN003477,ACC00233,ACC00084,1711.02,2025-05-30T03:16:08
TXN003478,ACC00263,ACC00080,1265.47,2025-05-30T03:26:23
TXN003479,ACC00151,ACC00222,1508.01,2025-05-30T03:34:24
TXN003480,ACC00019,ACC00198,2776.05,2025-05-30T03:42:41
TXN003481,ACC00020,ACC00076,695.30,2025-05-30T03:48:34
TXN003482,ACC00033,ACC00227,3210.71,2025-05-30T03:56:15
TXN003483,ACC00212,ACC00097,8902.63,2025-05-30T04:31:53
TXN003484,ACC00191,ACC00097,4421.67,2025-05-30T05:02:57
TXN003485,ACC00182,ACC00089,11048.13,2025-05-30T05:06:15
TXN003486,ACC00124,ACC00089,18460.21,2025-05-30T05:26:33
TXN003487,ACC00192,ACC00195,3842.73,2025-05-30T05:46:56
TXN003488,ACC00061,ACC00076,1211.16,2025-05-30T06:00:10
TXN003489,ACC00100,ACC00021,2768.10,2025-05-30T06:33:36
TXN003490,ACC00149,ACC00207,11671.27,2025-05-30T06:37:47
TXN003491,ACC00147,ACC00237,591.03,2025-05-30T06:52:56
TXN003492,ACC00192,ACC00018,3625.12,2025-05-30T07:42:08
TXN003493,ACC00044,ACC00187,761.35,2025-05-30T11:51:17
TXN003494,ACC00273,ACC00012,4642.33,2025-05-30T12:34:41
TXN003495,ACC00073,ACC00215,45609.79,2025-05-30T14:00:30
TXN003496,ACC00165,ACC00215,49573.59,2025-05-30T14:09:35
TXN003497,ACC00009,ACC00242,874.34,2025-05-30T14:10:17
TXN003498,ACC00002,ACC00059,16185.66,2025-05-30T14:17:15
TXN003499,ACC00186,ACC00102,47335.84,2025-05-30T14:20:39
TXN003500,ACC00253,ACC00187,1012.43,2025-05-30T14:32:16
TXN003501,ACC00169,ACC00215,45855.60,2025-05-30T14:33:36
TXN003502,ACC00019,ACC00102,49864.70,2025-05-30T14:37:11
TXN003503,ACC00137,ACC00215,46885.00,2025-05-30T14:47:22
TXN003504,ACC00215,ACC00120,46030.44,2025-05-30T14:49:00
TXN003505,ACC00215,ACC00259,47167.76,2025-05-30T14:49:25
TXN003506,ACC00215,ACC00048,46548.26,2025-05-30T14:53:27
TXN003507,ACC00215,ACC00112,46738.61,2025-05-30T14:54:03
TXN003508,ACC00215,ACC00014,45703.76,2025-05-30T14:54:41
TXN003509,ACC00196,ACC00102,47134.45,2025-05-30T14:58:15
TXN003510,ACC00102,ACC00048,45800.60,2025-05-30T14:59:44
TXN003511,ACC00102,ACC00112,47119.47,2025-05-30T15:01:38
TXN003512,ACC00112,ACC00045,49449.17,2025-05-30T15:04:26
TXN003513,ACC00102,ACC00120,46229.60,2025-05-30T15:04:40
TXN003514,ACC00196,ACC00026,827.34,2025-05-30T15:04:49
TXN003515,ACC00048,ACC00280,49853.96,2025-05-30T15:05:51
TXN003516,ACC00102,ACC00014,47068.64,2025-05-30T15:07:03
TXN003517,ACC00102,ACC00259,45485.91,2025-05-30T15:07:12
TXN003518,ACC00048,ACC00141,47245.56,2025-05-30T15:07:21
TXN003519,ACC00045,ACC00281,46609.28,2025-05-30T15:07:24
TXN003520,ACC00259,ACC00017,45621.74,2025-05-30T15:08:59
TXN003521,ACC00259,ACC00072,45338.02,2025-05-30T15:09:00
TXN003522,ACC00112,ACC00126,45254.18,2025-05-30T15:09:04
TXN003523,ACC00014,ACC00016,45873.62,2025-05-30T15:10:14
TXN003524,ACC00014,ACC00013,49691.89,2025-05-30T15:10:58
TXN003525,ACC00141,ACC00269,45590.45,2025-05-30T15:13:23
TXN003526,ACC00120,ACC00217,49464.66,2025-05-30T15:13:34
TXN003527,ACC00014,ACC00053,45522.63,2025-05-30T15:13:41
TXN003528,ACC00120,ACC00115,49648.57,2025-05-30T15:13:48
TXN003529,ACC00280,ACC00173,45703.23,2025-05-30T15:14:16
TXN003530,ACC00072,ACC00281,48953.18,2025-05-30T15:14:30
TXN003531,ACC00260,ACC00175,505.73,2025-05-30T15:14:51
TXN003532,ACC00259,ACC00058,48633.41,2025-05-30T15:15:09
TXN003533,ACC00053,ACC00111,45232.16,2025-05-30T15:15:29
TXN003534,ACC00017,ACC00080,48278.93,2025-05-30T15:16:30
TXN003535,ACC00126,ACC00080,46303.93,2025-05-30T15:17:40
TXN003536,ACC00268,ACC00021,1322.64,2025-05-30T15:19:38
TXN003537,ACC00016,ACC00080,46666.67,2025-05-30T15:19:59
TXN003538,ACC00013,ACC00175,45994.66,2025-05-30T15:20:58
TXN003539,ACC00217,ACC00269,47169.12,2025-05-30T15:22:37
TXN003540,ACC00115,ACC00281,46652.90,2025-05-30T15:23:39
TXN003541,ACC00058,ACC00173,48722.43,2025-05-30T15:24:36
TXN003542,ACC00094,ACC00167,532.10,2025-05-30T15:42:13
TXN003543,ACC00137,ACC00213,3689.66,2025-05-30T16:06:29
TXN003544,ACC00253,ACC00021,1773.30,2025-05-30T16:12:38
TXN003545,ACC00206,ACC00032,8629.47,2025-05-30T16:27:22
TXN003546,ACC00174,ACC00257,19220.91,2025-05-30T16:33:54
TXN003547,ACC00183,ACC00278,2344.30,2025-05-30T16:34:35
TXN003548,ACC00241,ACC00145,247.85,2025-05-30T16:38:19
TXN003549,ACC00286,ACC00207,14985.91,2025-05-30T16:43:48
TXN003550,ACC00010,ACC00200,998.13,2025-05-30T17:12:15
TXN003551,ACC00185,ACC00170,18651.89,2025-05-30T17:23:45
TXN003552,ACC00066,ACC00178,581.81,2025-05-30T17:46:39
TXN003553,ACC00023,ACC00253,2184.92,2025-05-30T17:53:41
TXN003554,ACC00174,ACC00127,574.63,2025-05-30T18:08:52
TXN003555,ACC00233,ACC00284,1056.05,2025-05-30T18:11:53
TXN003556,ACC00193,ACC00257,9510.36,2025-05-30T18:18:16
TXN003557,ACC00051,ACC00159,673.58,2025-05-30T18:19:49
TXN003558,ACC00134,ACC00097,15663.53,2025-05-30T18:20:08
TXN003559,ACC00218,ACC00219,486.08,2025-05-30T18:24:25
TXN003560,ACC00022,ACC00089,19124.37,2025-05-30T18:26:04
TXN003561,ACC00236,ACC00195,1587.99,2025-05-30T18:32:17
TXN003562,ACC00106,ACC00089,18644.70,2025-05-30T18:41:15
TXN003563,ACC00114,ACC00093,2227.02,2025-05-30T18:41:51
TXN003564,ACC00279,ACC00148,4345.08,2025-05-30T18:53:26
TXN003565,ACC00196,ACC00093,2412.83,2025-05-30T19:26:16
TXN003566,ACC00246,ACC00021,1689.88,2025-05-30T19:38:56
TXN003567,ACC00152,ACC00221,1092.15,2025-05-30T19:44:34
TXN003568,ACC00212,ACC00198,1417.19,2025-05-30T19:51:15
TXN003569,ACC00037,ACC00187,1282.91,2025-05-30T19:53:03
TXN003570,ACC00005,ACC00284,1181.06,2025-05-30T20:02:54
TXN003571,ACC00277,ACC00082,1204.33,2025-05-30T20:05:00
TXN003572,ACC00194,ACC00142,13798.01,2025-05-30T20:11:08
TXN003573,ACC00055,ACC00219,1599.27,2025-05-30T20:17:03
TXN003574,ACC00009,ACC00135,338.23,2025-05-30T20:19:14
TXN003575,ACC00162,ACC00152,3597.99,2025-05-30T20:31:01
TXN003576,ACC00022,ACC00089,30458.91,2025-05-30T20:37:26
TXN003577,ACC00034,ACC00184,4995.79,2025-05-30T20:40:45
TXN003578,ACC00106,ACC00138,951.31,2025-05-30T20:45:51
TXN003579,ACC00180,ACC00068,1792.55,2025-05-30T20:46:23
TXN003580,ACC00272,ACC00214,213.51,2025-05-30T20:55:38
TXN003581,ACC00122,ACC00113,22717.41,2025-05-30T20:55:45
TXN003582,ACC00190,ACC00059,14435.47,2025-05-30T21:16:05
TXN003583,ACC00261,ACC00018,12000.00,2025-05-30T21:17:14
TXN003584,ACC00228,ACC00221,2427.44,2025-05-30T21:26:59
TXN003585,ACC00005,ACC00213,12850.32,2025-05-30T21:31:25
TXN003586,ACC00176,ACC00250,15775.70,2025-05-30T21:39:48
TXN003587,ACC00078,ACC00181,8660.04,2025-05-30T21:42:04
TXN003588,ACC00127,ACC00155,565.93,2025-05-30T21:50:56
TXN003589,ACC00129,ACC00170,3191.14,2025-05-30T21:55:48
TXN003590,ACC00162,ACC00230,22441.19,2025-05-30T22:10:07
TXN003591,ACC00107,ACC00161,1078.67,2025-05-30T22:20:08
TXN003592,ACC00008,ACC00222,738.00,2025-05-30T22:24:06
TXN003593,ACC00224,ACC00059,11572.64,2025-05-30T22:24:47
TXN003594,ACC00038,ACC00026,1272.98,2025-05-30T22:30:51
TXN003595,ACC00247,ACC00174,471.48,2025-05-30T22:42:37
TXN003596,ACC00087,ACC00076,1047.33,2025-05-30T22:47:55
TXN003597,ACC00100,ACC00218,635.37,2025-05-30T22:48:12
TXN003598,ACC00224,ACC00198,1356.18,2025-05-30T22:50:31
TXN003599,ACC00063,ACC00170,45000.00,2025-05-30T22:51:55
TXN003600,ACC00220,ACC00227,2993.79,2025-05-30T22:59:08
TXN003601,ACC00163,ACC00059,7234.82,2025-05-30T23:03:38
TXN003602,ACC00092,ACC00012,1943.33,2025-05-30T23:09:34
TXN003603,ACC00091,ACC00180,2274.30,2025-05-30T23:13:41
TXN003604,ACC00098,ACC00050,2711.38,2025-05-30T23:20:35
TXN003605,ACC00125,ACC00281,586.92,2025-05-30T23:41:03
TXN003606,ACC00149,ACC00050,5196.41,2025-05-30T23:46:45
TXN003607,ACC00036,ACC00227,8000.00,2025-05-30T23:46:49
TXN003608,ACC00008,ACC00249,774.52,2025-05-30T23:50:39
TXN003609,ACC00163,ACC00050,1204.46,2025-05-31T00:02:21
TXN003610,ACC00188,ACC00026,497.41,2025-05-31T00:06:21
TXN003611,ACC00200,ACC00089,25289.55,2025-05-31T00:13:10
TXN003612,ACC00078,ACC00192,73.52,2025-05-31T00:17:31
TXN003613,ACC00073,ACC00021,5948.33,2025-05-31T00:39:34
TXN003614,ACC00094,ACC00076,1211.30,2025-05-31T00:40:40
TXN003615,ACC00290,ACC00195,3834.22,2025-05-31T00:44:33
TXN003616,ACC00160,ACC00139,205.94,2025-05-31T00:53:47
TXN003617,ACC00290,ACC00170,20159.81,2025-05-31T00:54:47
TXN003618,ACC00204,ACC00118,12612.82,2025-05-31T00:57:23
TXN003619,ACC00070,ACC00026,674.73,2025-05-31T00:59:08
TXN003620,ACC00287,ACC00170,11537.00,2025-05-31T01:06:18
TXN003621,ACC00042,ACC00154,1322.81,2025-05-31T01:09:10
TXN003622,ACC00263,ACC00059,12359.60,2025-05-31T01:14:49
TXN003623,ACC00208,ACC00012,3053.54,2025-05-31T01:15:46
TXN003624,ACC00274,ACC00237,2126.23,2025-05-31T01:27:50
TXN003625,ACC00135,ACC00009,425.56,2025-05-31T01:32:09
TXN003626,ACC00177,ACC00284,1492.52,2025-05-31T01:32:23
TXN003627,ACC00285,ACC00168,1060.59,2025-05-31T01:47:12
TXN003628,ACC00069,ACC00173,1159.29,2025-05-31T01:51:08
TXN003629,ACC00003,ACC00018,3428.09,2025-05-31T01:57:59
TXN003630,ACC00274,ACC00237,925.88,2025-05-31T01:59:18
TXN003631,ACC00010,ACC00237,1359.69,2025-05-31T02:07:45
TXN003632,ACC00042,ACC00083,327.20,2025-05-31T03:07:08
TXN003633,ACC00129,ACC00060,20404.16,2025-05-31T03:09:00
TXN003634,ACC00208,ACC00244,1417.51,2025-05-31T03:26:59
TXN003635,ACC00261,ACC00174,1059.12,2025-05-31T03:37:16
TXN003636,ACC00001,ACC00221,581.41,2025-05-31T03:42:34
TXN003637,ACC00273,ACC00138,917.33,2025-05-31T03:47:04
TXN003638,ACC00150,ACC00093,1403.38,2025-05-31T03:52:07
TXN003639,ACC00054,ACC00227,3111.53,2025-05-31T04:05:35
TXN003640,ACC00061,ACC00170,9257.49,2025-05-31T04:12:07
TXN003641,ACC00132,ACC00266,1486.59,2025-05-31T04:33:32
TXN003642,ACC00029,ACC00079,1018.16,2025-05-31T04:33:34
TXN003643,ACC00083,ACC00229,828.18,2025-05-31T04:44:15
TXN003644,ACC00283,ACC00172,1630.75,2025-05-31T04:51:00
TXN003645,ACC00150,ACC00060,41189.22,2025-05-31T04:53:43
TXN003646,ACC00189,ACC00170,17912.11,2025-05-31T04:54:54
TXN003647,ACC00071,ACC00050,1125.38,2025-05-31T04:55:36
TXN003648,ACC00290,ACC00275,508.37,2025-05-31T05:02:28
TXN003649,ACC00103,ACC00159,1894.56,2025-05-31T05:14:19
TXN003650,ACC00010,ACC00250,6910.39,2025-05-31T05:43:36
TXN003651,ACC00179,ACC00266,2109.96,2025-05-31T05:54:21
TXN003652,ACC00183,ACC00257,4281.24,2025-05-31T05:59:06
TXN003653,ACC00201,ACC00184,3689.63,2025-05-31T06:43:35
TXN003654,ACC00041,ACC00157,632.39,2025-05-31T07:04:23
TXN003655,ACC00116,ACC00003,886.98,2025-05-31T07:21:38
TXN003656,ACC00203,ACC00250,24448.29,2025-05-31T11:00:13
TXN003657,ACC00005,ACC00230,11068.57,2025-05-31T15:44:59
TXN003658,ACC00238,ACC00093,953.70,2025-05-31T15:49:50
TXN003659,ACC00023,ACC00253,403.34,2025-05-31T16:10:21
TXN003660,ACC00246,ACC00071,960.20,2025-05-31T16:12:49
TXN003661,ACC00264,ACC00085,196.13,2025-05-31T16:13:54
TXN003662,ACC00239,ACC00012,4555.14,2025-05-31T16:34:32
TXN003663,ACC00040,ACC00281,988.79,2025-05-31T16:49:15
TXN003664,ACC00274,ACC00075,19131.16,2025-05-31T17:33:14
TXN003665,ACC00279,ACC00187,252.10,2025-05-31T17:45:58
TXN003666,ACC00202,ACC00221,732.26,2025-05-31T17:55:50
TXN003667,ACC00038,ACC00155,416.17,2025-05-31T17:58:23
TXN003668,ACC00027,ACC00155,1423.71,2025-05-31T18:00:53
TXN003669,ACC00233,ACC00221,645.13,2025-05-31T18:06:00
TXN003670,ACC00003,ACC00155,2121.30,2025-05-31T18:09:07
TXN003671,ACC00166,ACC00281,241.63,2025-05-31T18:20:26
TXN003672,ACC00268,ACC00202,1003.61,2025-05-31T18:25:38
TXN003673,ACC00277,ACC00184,3991.44,2025-05-31T18:31:33
TXN003674,ACC00078,ACC00287,777.17,2025-05-31T18:37:11
TXN003675,ACC00081,ACC00076,1259.66,2025-05-31T18:56:22
TXN003676,ACC00061,ACC00060,10973.40,2025-05-31T18:57:34
TXN003677,ACC00027,ACC00076,576.79,2025-05-31T19:04:17
TXN003678,ACC00106,ACC00026,658.96,2025-05-31T19:30:51
TXN003679,ACC00276,ACC00230,12821.59,2025-05-31T19:37:39
TXN003680,ACC00151,ACC00066,752.12,2025-05-31T20:12:17
TXN003681,ACC00265,ACC00059,15912.66,2025-05-31T20:18:06
TXN003682,ACC00096,ACC00210,1207.27,2025-05-31T20:26:09
TXN003683,ACC00255,ACC00118,16610.44,2025-05-31T20:27:55
TXN003684,ACC00127,ACC00250,6568.61,2025-05-31T20:29:59
TXN003685,ACC00135,ACC00257,10646.30,2025-05-31T20:45:59
TXN003686,ACC00096,ACC00059,17515.11,2025-05-31T20:54:54
TXN003687,ACC00103,ACC00250,7912.63,2025-05-31T21:09:11
TXN003688,ACC00183,ACC00243,13402.32,2025-05-31T21:16:19
TXN003689,ACC00133,ACC00243,13118.88,2025-05-31T21:28:47
TXN003690,ACC00196,ACC00237,246.93,2025-05-31T21:31:45
TXN003691,ACC00214,ACC00138,812.57,2025-05-31T21:48:56
TXN003692,ACC00106,ACC00218,1343.45,2025-05-31T21:58:22
TXN003693,ACC00067,ACC00170,11398.77,2025-05-31T21:58:53
TXN003694,ACC00194,ACC00233,400.51,2025-05-31T22:02:41
TXN003695,ACC00090,ACC00028,131.31,2025-05-31T22:55:33
TXN003696,ACC00081,ACC00142,21762.36,2025-05-31T22:58:21
TXN003697,ACC00037,ACC00113,10346.01,2025-05-31T23:01:37
TXN003698,ACC00172,ACC00181,3234.73,2025-05-31T23:09:57
TXN003699,ACC00036,ACC00250,5226.84,2025-05-31T23:12:49
TXN003700,ACC00033,ACC00032,13811.77,2025-05-31T23:23:03
TXN003701,ACC00101,ACC00243,31499.67,2025-05-31T23:59:50
TXN003702,ACC00023,ACC00222,1008.03,2025-06-01T00:06:38
TXN003703,ACC00166,ACC00219,896.78,2025-06-01T00:08:40
TXN003704,ACC00218,ACC00113,14891.48,2025-06-01T00:11:27
TXN003705,ACC00272,ACC00059,23582.08,2025-06-01T00:12:48
TXN003706,ACC00010,ACC00195,2201.15,2025-06-01T00:14:56
TXN003707,ACC00136,ACC00032,25814.11,2025-06-01T00:15:48
TXN003708,ACC00019,ACC00076,1098.53,2025-06-01T00:54:19
TXN003709,ACC00246,ACC00266,348.33,2025-06-01T01:01:52
TXN003710,ACC00042,ACC00050,6000.00,2025-06-01T01:21:10
TXN003711,ACC00071,ACC00118,27810.20,2025-06-01T01:24:52
TXN003712,ACC00025,ACC00258,404.88,2025-06-01T01:41:59
TXN003713,ACC00231,ACC00059,11028.72,2025-06-01T01:42:18
TXN003714,ACC00082,ACC00188,719.46,2025-06-01T01:45:41
TXN003715,ACC00078,ACC00284,1061.99,2025-06-01T01:49:20
TXN003716,ACC00178,ACC00146,380.00,2025-06-01T01:56:03
TXN003717,ACC00228,ACC00284,433.29,2025-06-01T02:03:51
TXN003718,ACC00214,ACC00230,9626.29,2025-06-01T02:09:34
TXN003719,ACC00124,ACC00257,16394.44,2025-06-01T02:16:53
TXN003720,ACC00251,ACC00269,542.85,2025-06-01T02:17:52
TXN003721,ACC00265,ACC00155,1226.98,2025-06-01T02:26:35
TXN003722,ACC00065,ACC00068,954.39,2025-06-01T02:28:23
TXN003723,ACC00117,ACC00219,445.05,2025-06-01T02:29:41
TXN003724,ACC00042,ACC00284,806.84,2025-06-01T02:33:36
TXN003725,ACC00194,ACC00243,18387.10,2025-06-01T02:48:32
TXN003726,ACC00158,ACC00148,911.83,2025-06-01T02:54:59
TXN003727,ACC00140,ACC00093,574.39,2025-06-01T03:02:09
TXN003728,ACC00121,ACC00138,1010.79,2025-06-01T03:05:42
TXN003729,ACC00124,ACC00222,2139.07,2025-06-01T03:16:51
TXN003730,ACC00085,ACC00181,6622.77,2025-06-01T03:25:06
TXN003731,ACC00240,ACC00012,3856.98,2025-06-01T03:28:54
TXN003732,ACC00090,ACC00219,504.44,2025-06-01T03:29:29
TXN003733,ACC00270,ACC00118,16080.23,2025-06-01T03:40:45
TXN003734,ACC00153,ACC00012,3358.14,2025-06-01T03:45:50
TXN003735,ACC00033,ACC00092,1265.70,2025-06-01T03:47:31
TXN003736,ACC00088,ACC00230,32804.24,2025-06-01T03:52:49
TXN003737,ACC00056,ACC00201,2095.44,2025-06-01T04:05:29
TXN003738,ACC00152,ACC00057,563.39,2025-06-01T04:35:03
TXN003739,ACC00054,ACC00026,1455.96,2025-06-01T04:37:46
TXN003740,ACC00261,ACC00274,178.25,2025-06-01T04:50:44
TXN003741,ACC00109,ACC00060,11991.28,2025-06-01T04:52:12
TXN003742,ACC00006,ACC00197,641.30,2025-06-01T05:02:15
TXN003743,ACC00114,ACC00021,1215.92,2025-06-01T05:08:07
TXN003744,ACC00002,ACC00142,13378.90,2025-06-01T05:15:51
TXN003745,ACC00028,ACC00050,602.54,2025-06-01T05:28:40
TXN003746,ACC00236,ACC00012,5030.17,2025-06-01T05:29:34
TXN003747,ACC00188,ACC00021,1659.71,2025-06-01T05:30:42
TXN003748,ACC00174,ACC00076,1271.15,2025-06-01T05:30:50
TXN003749,ACC00160,ACC00148,5942.52,2025-06-01T05:41:32
TXN003750,ACC00135,ACC00103,3806.06,2025-06-01T05:52:43
TXN003751,ACC00085,ACC00018,7047.68,2025-06-01T06:48:19
TXN003752,ACC00234,ACC00093,926.11,2025-06-01T07:59:43
TXN003753,ACC00240,ACC00118,16517.59,2025-06-01T08:30:10
